[2026-08-30T14:28:19.692+0000] {manager.py:469} INFO - Processing files using up to 2 processes at a time 
[2026-08-30T14:28:19.695+0000] {manager.py:470} INFO - Process each file at most once every 30 seconds
[2026-08-30T14:28:19.697+0000] {manager.py:471} INFO - Checking for new files in /opt/airflow/dags every 300 seconds
[2026-08-30T14:28:19.699+0000] {manager.py:738} INFO - Searching for files in /opt/airflow/dags
[2026-08-30T14:28:19.735+0000] {manager.py:741} INFO - There are 1 files in /opt/airflow/dags
[2026-08-30T14:28:19.898+0000] {manager.py:879} INFO - 
================================================================================
DAG File Processing Stats

File Path                                 PID  Runtime      # DAGs    # Errors  Last Runtime    Last Run
--------------------------------------  -----  ---------  --------  ----------  --------------  ----------
/opt/airflow/dags/nyc_taxi_pipeline.py    177  0.08s             0           0
================================================================================
[2026-08-30T14:28:50.009+0000] {manager.py:879} INFO - 
================================================================================
DAG File Processing Stats

File Path                               PID    Runtime      # DAGs    # Errors  Last Runtime    Last Run
--------------------------------------  -----  ---------  --------  ----------  --------------  -------------------
/opt/airflow/dags/nyc_taxi_pipeline.py                           1           0  0.58s           2026-08-30T14:28:20
================================================================================
[2026-08-30T14:29:20.666+0000] {manager.py:879} INFO - 
================================================================================
DAG File Processing Stats

File Path                                 PID  Runtime      # DAGs    # Errors  Last Runtime    Last Run
--------------------------------------  -----  ---------  --------  ----------  --------------  -------------------
/opt/airflow/dags/nyc_taxi_pipeline.py    187  0.00s             1           0  0.12s           2026-08-30T14:28:50
================================================================================
[2026-08-30T14:29:50.900+0000] {manager.py:879} INFO - 
================================================================================
DAG File Processing Stats

File Path                                 PID  Runtime      # DAGs    # Errors  Last Runtime    Last Run
--------------------------------------  -----  ---------  --------  ----------  --------------  -------------------
/opt/airflow/dags/nyc_taxi_pipeline.py    192  0.00s             1           0  0.14s           2026-08-30T14:29:20
================================================================================
[2026-08-30T14:30:21.052+0000] {manager.py:879} INFO - 
================================================================================
DAG File Processing Stats

File Path                                 PID  Runtime      # DAGs    # Errors  Last Runtime    Last Run
--------------------------------------  -----  ---------  --------  ----------  --------------  -------------------
/opt/airflow/dags/nyc_taxi_pipeline.py    197  0.00s             1           0  0.12s           2026-08-30T14:29:51
================================================================================
[2026-08-30T14:30:51.275+0000] {manager.py:879} INFO - 
================================================================================
DAG File Processing Stats

File Path                                 PID  Runtime      # DAGs    # Errors  Last Runtime    Last Run
--------------------------------------  -----  ---------  --------  ----------  --------------  -------------------
/opt/airflow/dags/nyc_taxi_pipeline.py    376  0.00s             1           0  0.12s           2026-08-30T14:30:21
================================================================================
[2026-08-30T14:31:21.418+0000] {manager.py:879} INFO - 
================================================================================
DAG File Processing Stats

File Path                               PID    Runtime      # DAGs    # Errors  Last Runtime    Last Run
--------------------------------------  -----  ---------  --------  ----------  --------------  -------------------
/opt/airflow/dags/nyc_taxi_pipeline.py                           1           0  0.20s           2026-08-30T14:30:51
================================================================================
[2026-08-30T14:31:51.711+0000] {manager.py:879} INFO - 
================================================================================
DAG File Processing Stats

File Path                               PID    Runtime      # DAGs    # Errors  Last Runtime    Last Run
--------------------------------------  -----  ---------  --------  ----------  --------------  -------------------
/opt/airflow/dags/nyc_taxi_pipeline.py                           1           0  0.14s           2026-08-30T14:31:21
================================================================================
[2026-08-30T14:32:21.977+0000] {manager.py:879} INFO - 
================================================================================
DAG File Processing Stats

File Path                                 PID  Runtime      # DAGs    # Errors  Last Runtime    Last Run
--------------------------------------  -----  ---------  --------  ----------  --------------  -------------------
/opt/airflow/dags/nyc_taxi_pipeline.py    859  0.00s             1           0  0.11s           2026-08-30T14:31:51
================================================================================
[2026-08-30T14:32:52.215+0000] {manager.py:879} INFO - 
================================================================================
DAG File Processing Stats

File Path                                 PID  Runtime      # DAGs    # Errors  Last Runtime    Last Run
--------------------------------------  -----  ---------  --------  ----------  --------------  -------------------
/opt/airflow/dags/nyc_taxi_pipeline.py   1079  0.00s             1           0  0.12s           2026-08-30T14:32:22
================================================================================
[2026-08-30T14:33:20.348+0000] {manager.py:738} INFO - Searching for files in /opt/airflow/dags
[2026-08-30T14:33:20.380+0000] {manager.py:741} INFO - There are 1 files in /opt/airflow/dags
[2026-08-30T14:33:22.412+0000] {manager.py:879} INFO - 
================================================================================
DAG File Processing Stats

File Path                                 PID  Runtime      # DAGs    # Errors  Last Runtime    Last Run
--------------------------------------  -----  ---------  --------  ----------  --------------  -------------------
/opt/airflow/dags/nyc_taxi_pipeline.py   1084  0.00s             1           0  0.16s           2026-08-30T14:32:52
================================================================================
[2026-08-30T14:33:52.623+0000] {manager.py:879} INFO - 
================================================================================
DAG File Processing Stats

File Path                                 PID  Runtime      # DAGs    # Errors  Last Runtime    Last Run
--------------------------------------  -----  ---------  --------  ----------  --------------  -------------------
/opt/airflow/dags/nyc_taxi_pipeline.py   1089  0.00s             1           0  0.11s           2026-08-30T14:33:22
================================================================================
[2026-08-30T14:34:22.756+0000] {manager.py:879} INFO - 
================================================================================
DAG File Processing Stats

File Path                               PID    Runtime      # DAGs    # Errors  Last Runtime    Last Run
--------------------------------------  -----  ---------  --------  ----------  --------------  -------------------
/opt/airflow/dags/nyc_taxi_pipeline.py                           1           0  0.14s           2026-08-30T14:33:52
================================================================================
[2026-08-30T14:34:53.009+0000] {manager.py:879} INFO - 
================================================================================
DAG File Processing Stats

File Path                                 PID  Runtime      # DAGs    # Errors  Last Runtime    Last Run
--------------------------------------  -----  ---------  --------  ----------  --------------  -------------------
/opt/airflow/dags/nyc_taxi_pipeline.py   1099  0.00s             1           0  0.09s           2026-08-30T14:34:22
================================================================================
[2026-08-30T14:35:23.203+0000] {manager.py:879} INFO - 
================================================================================
DAG File Processing Stats

File Path                                 PID  Runtime      # DAGs    # Errors  Last Runtime    Last Run
--------------------------------------  -----  ---------  --------  ----------  --------------  -------------------
/opt/airflow/dags/nyc_taxi_pipeline.py   1104  0.00s             1           0  0.10s           2026-08-30T14:34:53
================================================================================
[2026-08-30T14:35:37.037+0000] {manager.py:451} INFO - Exiting gracefully upon receiving signal 15
[2026-08-30T14:35:50.837+0000] {manager.py:469} INFO - Processing files using up to 2 processes at a time 
[2026-08-30T14:35:50.839+0000] {manager.py:470} INFO - Process each file at most once every 30 seconds
[2026-08-30T14:35:50.841+0000] {manager.py:471} INFO - Checking for new files in /opt/airflow/dags every 300 seconds
[2026-08-30T14:35:50.842+0000] {manager.py:738} INFO - Searching for files in /opt/airflow/dags
[2026-08-30T14:35:50.888+0000] {manager.py:741} INFO - There are 1 files in /opt/airflow/dags
[2026-08-30T14:35:51.034+0000] {manager.py:879} INFO - 
================================================================================
DAG File Processing Stats

File Path                                 PID  Runtime      # DAGs    # Errors  Last Runtime    Last Run
--------------------------------------  -----  ---------  --------  ----------  --------------  ----------
/opt/airflow/dags/nyc_taxi_pipeline.py    176  0.05s             0           0
================================================================================
[2026-08-30T14:36:21.164+0000] {manager.py:879} INFO - 
================================================================================
DAG File Processing Stats

File Path                               PID    Runtime      # DAGs    # Errors  Last Runtime    Last Run
--------------------------------------  -----  ---------  --------  ----------  --------------  -------------------
/opt/airflow/dags/nyc_taxi_pipeline.py                           1           0  0.33s           2026-08-30T14:35:51
================================================================================
[2026-08-30T14:36:51.578+0000] {manager.py:879} INFO - 
================================================================================
DAG File Processing Stats

File Path                                 PID  Runtime      # DAGs    # Errors  Last Runtime    Last Run
--------------------------------------  -----  ---------  --------  ----------  --------------  -------------------
/opt/airflow/dags/nyc_taxi_pipeline.py    186  0.00s             1           0  0.12s           2026-08-30T14:36:21
================================================================================
[2026-08-30T14:37:21.818+0000] {manager.py:879} INFO - 
================================================================================
DAG File Processing Stats

File Path                                 PID  Runtime      # DAGs    # Errors  Last Runtime    Last Run
--------------------------------------  -----  ---------  --------  ----------  --------------  -------------------
/opt/airflow/dags/nyc_taxi_pipeline.py    191  0.00s             1           0  0.13s           2026-08-30T14:36:51
================================================================================
[2026-08-30T14:37:51.972+0000] {manager.py:879} INFO - 
================================================================================
DAG File Processing Stats

File Path                                 PID  Runtime      # DAGs    # Errors  Last Runtime    Last Run
--------------------------------------  -----  ---------  --------  ----------  --------------  -------------------
/opt/airflow/dags/nyc_taxi_pipeline.py    196  0.00s             1           0  0.10s           2026-08-30T14:37:21
================================================================================
[2026-08-30T14:38:22.173+0000] {manager.py:879} INFO - 
================================================================================
DAG File Processing Stats

File Path                                 PID  Runtime      # DAGs    # Errors  Last Runtime    Last Run
--------------------------------------  -----  ---------  --------  ----------  --------------  -------------------
/opt/airflow/dags/nyc_taxi_pipeline.py    201  0.00s             1           0  0.10s           2026-08-30T14:37:52
================================================================================
[2026-08-30T14:38:52.321+0000] {manager.py:879} INFO - 
================================================================================
DAG File Processing Stats

File Path                                 PID  Runtime      # DAGs    # Errors  Last Runtime    Last Run
--------------------------------------  -----  ---------  --------  ----------  --------------  -------------------
/opt/airflow/dags/nyc_taxi_pipeline.py    206  0.00s             1           0  0.10s           2026-08-30T14:38:22
================================================================================
[2026-08-30T14:39:22.501+0000] {manager.py:879} INFO - 
================================================================================
DAG File Processing Stats

File Path                                 PID  Runtime      # DAGs    # Errors  Last Runtime    Last Run
--------------------------------------  -----  ---------  --------  ----------  --------------  -------------------
/opt/airflow/dags/nyc_taxi_pipeline.py    211  0.00s             1           0  0.10s           2026-08-30T14:38:52
================================================================================
[2026-08-30T14:39:52.651+0000] {manager.py:879} INFO - 
================================================================================
DAG File Processing Stats

File Path                                 PID  Runtime      # DAGs    # Errors  Last Runtime    Last Run
--------------------------------------  -----  ---------  --------  ----------  --------------  -------------------
/opt/airflow/dags/nyc_taxi_pipeline.py    216  0.00s             1           0  0.10s           2026-08-30T14:39:22
================================================================================
[2026-08-30T14:40:22.821+0000] {manager.py:879} INFO - 
================================================================================
DAG File Processing Stats

File Path                                 PID  Runtime      # DAGs    # Errors  Last Runtime    Last Run
--------------------------------------  -----  ---------  --------  ----------  --------------  -------------------
/opt/airflow/dags/nyc_taxi_pipeline.py    221  0.00s             1           0  0.10s           2026-08-30T14:39:52
================================================================================
[2026-08-30T14:40:50.953+0000] {manager.py:738} INFO - Searching for files in /opt/airflow/dags
[2026-08-30T14:40:50.975+0000] {manager.py:741} INFO - There are 1 files in /opt/airflow/dags
[2026-08-30T14:40:53.009+0000] {manager.py:879} INFO - 
================================================================================
DAG File Processing Stats

File Path                                 PID  Runtime      # DAGs    # Errors  Last Runtime    Last Run
--------------------------------------  -----  ---------  --------  ----------  --------------  -------------------
/opt/airflow/dags/nyc_taxi_pipeline.py    226  0.00s             1           0  0.09s           2026-08-30T14:40:22
================================================================================
[2026-08-30T14:41:23.160+0000] {manager.py:879} INFO - 
================================================================================
DAG File Processing Stats

File Path                                 PID  Runtime      # DAGs    # Errors  Last Runtime    Last Run
--------------------------------------  -----  ---------  --------  ----------  --------------  -------------------
/opt/airflow/dags/nyc_taxi_pipeline.py    231  0.00s             1           0  0.11s           2026-08-30T14:40:53
================================================================================
[2026-08-30T14:41:53.360+0000] {manager.py:879} INFO - 
================================================================================
DAG File Processing Stats

File Path                                 PID  Runtime      # DAGs    # Errors  Last Runtime    Last Run
--------------------------------------  -----  ---------  --------  ----------  --------------  -------------------
/opt/airflow/dags/nyc_taxi_pipeline.py    236  0.00s             1           0  0.10s           2026-08-30T14:41:23
================================================================================
[2026-08-30T14:42:23.515+0000] {manager.py:879} INFO - 
================================================================================
DAG File Processing Stats

File Path                                 PID  Runtime      # DAGs    # Errors  Last Runtime    Last Run
--------------------------------------  -----  ---------  --------  ----------  --------------  -------------------
/opt/airflow/dags/nyc_taxi_pipeline.py    241  0.00s             1           0  0.09s           2026-08-30T14:41:53
================================================================================
[2026-08-30T14:42:53.691+0000] {manager.py:879} INFO - 
================================================================================
DAG File Processing Stats

File Path                                 PID  Runtime      # DAGs    # Errors  Last Runtime    Last Run
--------------------------------------  -----  ---------  --------  ----------  --------------  -------------------
/opt/airflow/dags/nyc_taxi_pipeline.py    246  0.00s             1           0  0.10s           2026-08-30T14:42:23
================================================================================
[2026-08-30T14:43:23.849+0000] {manager.py:879} INFO - 
================================================================================
DAG File Processing Stats

File Path                                 PID  Runtime      # DAGs    # Errors  Last Runtime    Last Run
--------------------------------------  -----  ---------  --------  ----------  --------------  -------------------
/opt/airflow/dags/nyc_taxi_pipeline.py    251  0.00s             1           0  0.10s           2026-08-30T14:42:53
================================================================================
[2026-08-30T14:43:54.030+0000] {manager.py:879} INFO - 
================================================================================
DAG File Processing Stats

File Path                                 PID  Runtime      # DAGs    # Errors  Last Runtime    Last Run
--------------------------------------  -----  ---------  --------  ----------  --------------  -------------------
/opt/airflow/dags/nyc_taxi_pipeline.py    256  0.00s             1           0  0.10s           2026-08-30T14:43:23
================================================================================
[2026-08-30T14:44:24.172+0000] {manager.py:879} INFO - 
================================================================================
DAG File Processing Stats

File Path                                 PID  Runtime      # DAGs    # Errors  Last Runtime    Last Run
--------------------------------------  -----  ---------  --------  ----------  --------------  -------------------
/opt/airflow/dags/nyc_taxi_pipeline.py    261  0.00s             1           0  0.10s           2026-08-30T14:43:54
================================================================================
[2026-08-30T14:44:54.366+0000] {manager.py:879} INFO - 
================================================================================
DAG File Processing Stats

File Path                                 PID  Runtime      # DAGs    # Errors  Last Runtime    Last Run
--------------------------------------  -----  ---------  --------  ----------  --------------  -------------------
/opt/airflow/dags/nyc_taxi_pipeline.py    266  0.00s             1           0  0.09s           2026-08-30T14:44:24
================================================================================
[2026-08-30T14:45:24.513+0000] {manager.py:879} INFO - 
================================================================================
DAG File Processing Stats

File Path                                 PID  Runtime      # DAGs    # Errors  Last Runtime    Last Run
--------------------------------------  -----  ---------  --------  ----------  --------------  -------------------
/opt/airflow/dags/nyc_taxi_pipeline.py    271  0.00s             1           0  0.10s           2026-08-30T14:44:54
================================================================================
[2026-08-30T14:45:51.687+0000] {manager.py:738} INFO - Searching for files in /opt/airflow/dags
[2026-08-30T14:45:51.707+0000] {manager.py:741} INFO - There are 1 files in /opt/airflow/dags
[2026-08-30T14:45:54.742+0000] {manager.py:879} INFO - 
================================================================================
DAG File Processing Stats

File Path                                 PID  Runtime      # DAGs    # Errors  Last Runtime    Last Run
--------------------------------------  -----  ---------  --------  ----------  --------------  -------------------
/opt/airflow/dags/nyc_taxi_pipeline.py    276  0.00s             1           0  0.10s           2026-08-30T14:45:24
================================================================================
[2026-08-30T14:46:24.891+0000] {manager.py:879} INFO - 
================================================================================
DAG File Processing Stats

File Path                                 PID  Runtime      # DAGs    # Errors  Last Runtime    Last Run
--------------------------------------  -----  ---------  --------  ----------  --------------  -------------------
/opt/airflow/dags/nyc_taxi_pipeline.py    281  0.00s             1           0  0.10s           2026-08-30T14:45:54
================================================================================
[2026-08-30T14:46:55.077+0000] {manager.py:879} INFO - 
================================================================================
DAG File Processing Stats

File Path                                 PID  Runtime      # DAGs    # Errors  Last Runtime    Last Run
--------------------------------------  -----  ---------  --------  ----------  --------------  -------------------
/opt/airflow/dags/nyc_taxi_pipeline.py    286  0.00s             1           0  0.10s           2026-08-30T14:46:24
================================================================================
[2026-08-30T14:47:25.227+0000] {manager.py:879} INFO - 
================================================================================
DAG File Processing Stats

File Path                                 PID  Runtime      # DAGs    # Errors  Last Runtime    Last Run
--------------------------------------  -----  ---------  --------  ----------  --------------  -------------------
/opt/airflow/dags/nyc_taxi_pipeline.py    291  0.00s             1           0  0.12s           2026-08-30T14:46:55
================================================================================
[2026-08-30T14:47:55.435+0000] {manager.py:879} INFO - 
================================================================================
DAG File Processing Stats

File Path                                 PID  Runtime      # DAGs    # Errors  Last Runtime    Last Run
--------------------------------------  -----  ---------  --------  ----------  --------------  -------------------
/opt/airflow/dags/nyc_taxi_pipeline.py    296  0.00s             1           0  0.10s           2026-08-30T14:47:25
================================================================================
[2026-08-30T14:48:25.580+0000] {manager.py:879} INFO - 
================================================================================
DAG File Processing Stats

File Path                                 PID  Runtime      # DAGs    # Errors  Last Runtime    Last Run
--------------------------------------  -----  ---------  --------  ----------  --------------  -------------------
/opt/airflow/dags/nyc_taxi_pipeline.py    301  0.00s             1           0  0.11s           2026-08-30T14:47:55
================================================================================
[2026-08-30T14:48:55.777+0000] {manager.py:879} INFO - 
================================================================================
DAG File Processing Stats

File Path                                 PID  Runtime      # DAGs    # Errors  Last Runtime    Last Run
--------------------------------------  -----  ---------  --------  ----------  --------------  -------------------
/opt/airflow/dags/nyc_taxi_pipeline.py    306  0.00s             1           0  0.10s           2026-08-30T14:48:25
================================================================================
[2026-08-30T14:49:25.925+0000] {manager.py:879} INFO - 
================================================================================
DAG File Processing Stats

File Path                                 PID  Runtime      # DAGs    # Errors  Last Runtime    Last Run
--------------------------------------  -----  ---------  --------  ----------  --------------  -------------------
/opt/airflow/dags/nyc_taxi_pipeline.py    311  0.00s             1           0  0.09s           2026-08-30T14:48:55
================================================================================
[2026-08-30T14:49:56.107+0000] {manager.py:879} INFO - 
================================================================================
DAG File Processing Stats

File Path                                 PID  Runtime      # DAGs    # Errors  Last Runtime    Last Run
--------------------------------------  -----  ---------  --------  ----------  --------------  -------------------
/opt/airflow/dags/nyc_taxi_pipeline.py    316  0.00s             1           0  0.10s           2026-08-30T14:49:26
================================================================================
[2026-08-30T14:50:26.257+0000] {manager.py:879} INFO - 
================================================================================
DAG File Processing Stats

File Path                                 PID  Runtime      # DAGs    # Errors  Last Runtime    Last Run
--------------------------------------  -----  ---------  --------  ----------  --------------  -------------------
/opt/airflow/dags/nyc_taxi_pipeline.py    321  0.00s             1           0  0.10s           2026-08-30T14:49:56
================================================================================
[2026-08-30T14:50:52.411+0000] {manager.py:738} INFO - Searching for files in /opt/airflow/dags
[2026-08-30T14:50:52.426+0000] {manager.py:741} INFO - There are 1 files in /opt/airflow/dags
[2026-08-30T14:50:56.463+0000] {manager.py:879} INFO - 
================================================================================
DAG File Processing Stats

File Path                                 PID  Runtime      # DAGs    # Errors  Last Runtime    Last Run
--------------------------------------  -----  ---------  --------  ----------  --------------  -------------------
/opt/airflow/dags/nyc_taxi_pipeline.py    326  0.00s             1           0  0.10s           2026-08-30T14:50:26
================================================================================
[2026-08-30T14:51:26.606+0000] {manager.py:879} INFO - 
================================================================================
DAG File Processing Stats

File Path                                 PID  Runtime      # DAGs    # Errors  Last Runtime    Last Run
--------------------------------------  -----  ---------  --------  ----------  --------------  -------------------
/opt/airflow/dags/nyc_taxi_pipeline.py    331  0.00s             1           0  0.09s           2026-08-30T14:50:56
================================================================================
[2026-08-30T14:51:56.778+0000] {manager.py:879} INFO - 
================================================================================
DAG File Processing Stats

File Path                                 PID  Runtime      # DAGs    # Errors  Last Runtime    Last Run
--------------------------------------  -----  ---------  --------  ----------  --------------  -------------------
/opt/airflow/dags/nyc_taxi_pipeline.py    336  0.00s             1           0  0.10s           2026-08-30T14:51:26
================================================================================
[2026-08-30T14:52:26.922+0000] {manager.py:879} INFO - 
================================================================================
DAG File Processing Stats

File Path                                 PID  Runtime      # DAGs    # Errors  Last Runtime    Last Run
--------------------------------------  -----  ---------  --------  ----------  --------------  -------------------
/opt/airflow/dags/nyc_taxi_pipeline.py    341  0.00s             1           0  0.09s           2026-08-30T14:51:56
================================================================================
[2026-08-30T14:52:57.100+0000] {manager.py:879} INFO - 
================================================================================
DAG File Processing Stats

File Path                                 PID  Runtime      # DAGs    # Errors  Last Runtime    Last Run
--------------------------------------  -----  ---------  --------  ----------  --------------  -------------------
/opt/airflow/dags/nyc_taxi_pipeline.py    346  0.00s             1           0  0.09s           2026-08-30T14:52:27
================================================================================
[2026-08-30T14:53:27.250+0000] {manager.py:879} INFO - 
================================================================================
DAG File Processing Stats

File Path                                 PID  Runtime      # DAGs    # Errors  Last Runtime    Last Run
--------------------------------------  -----  ---------  --------  ----------  --------------  -------------------
/opt/airflow/dags/nyc_taxi_pipeline.py    351  0.00s             1           0  0.10s           2026-08-30T14:52:57
================================================================================
[2026-08-30T14:53:57.443+0000] {manager.py:879} INFO - 
================================================================================
DAG File Processing Stats

File Path                                 PID  Runtime      # DAGs    # Errors  Last Runtime    Last Run
--------------------------------------  -----  ---------  --------  ----------  --------------  -------------------
/opt/airflow/dags/nyc_taxi_pipeline.py    356  0.00s             1           0  0.10s           2026-08-30T14:53:27
================================================================================
[2026-08-30T14:54:27.591+0000] {manager.py:879} INFO - 
================================================================================
DAG File Processing Stats

File Path                                 PID  Runtime      # DAGs    # Errors  Last Runtime    Last Run
--------------------------------------  -----  ---------  --------  ----------  --------------  -------------------
/opt/airflow/dags/nyc_taxi_pipeline.py    361  0.00s             1           0  0.09s           2026-08-30T14:53:57
================================================================================
[2026-08-30T14:54:57.770+0000] {manager.py:879} INFO - 
================================================================================
DAG File Processing Stats

File Path                                 PID  Runtime      # DAGs    # Errors  Last Runtime    Last Run
--------------------------------------  -----  ---------  --------  ----------  --------------  -------------------
/opt/airflow/dags/nyc_taxi_pipeline.py    366  0.00s             1           0  0.10s           2026-08-30T14:54:27
================================================================================
[2026-08-30T14:55:27.914+0000] {manager.py:879} INFO - 
================================================================================
DAG File Processing Stats

File Path                                 PID  Runtime      # DAGs    # Errors  Last Runtime    Last Run
--------------------------------------  -----  ---------  --------  ----------  --------------  -------------------
/opt/airflow/dags/nyc_taxi_pipeline.py    371  0.00s             1           0  0.09s           2026-08-30T14:54:57
================================================================================
[2026-08-30T14:55:53.055+0000] {manager.py:738} INFO - Searching for files in /opt/airflow/dags
[2026-08-30T14:55:53.073+0000] {manager.py:741} INFO - There are 1 files in /opt/airflow/dags
[2026-08-30T14:55:58.115+0000] {manager.py:879} INFO - 
================================================================================
DAG File Processing Stats

File Path                                 PID  Runtime      # DAGs    # Errors  Last Runtime    Last Run
--------------------------------------  -----  ---------  --------  ----------  --------------  -------------------
/opt/airflow/dags/nyc_taxi_pipeline.py    376  0.00s             1           0  0.10s           2026-08-30T14:55:28
================================================================================
[2026-08-30T14:56:28.252+0000] {manager.py:879} INFO - 
================================================================================
DAG File Processing Stats

File Path                                 PID  Runtime      # DAGs    # Errors  Last Runtime    Last Run
--------------------------------------  -----  ---------  --------  ----------  --------------  -------------------
/opt/airflow/dags/nyc_taxi_pipeline.py    381  0.00s             1           0  0.09s           2026-08-30T14:55:58
================================================================================
[2026-08-30T14:56:58.458+0000] {manager.py:879} INFO - 
================================================================================
DAG File Processing Stats

File Path                                 PID  Runtime      # DAGs    # Errors  Last Runtime    Last Run
--------------------------------------  -----  ---------  --------  ----------  --------------  -------------------
/opt/airflow/dags/nyc_taxi_pipeline.py    386  0.00s             1           0  0.09s           2026-08-30T14:56:28
================================================================================
[2026-08-30T14:57:28.610+0000] {manager.py:879} INFO - 
================================================================================
DAG File Processing Stats

File Path                                 PID  Runtime      # DAGs    # Errors  Last Runtime    Last Run
--------------------------------------  -----  ---------  --------  ----------  --------------  -------------------
/opt/airflow/dags/nyc_taxi_pipeline.py    391  0.00s             1           0  0.11s           2026-08-30T14:56:58
================================================================================
[2026-08-30T14:57:58.809+0000] {manager.py:879} INFO - 
================================================================================
DAG File Processing Stats

File Path                                 PID  Runtime      # DAGs    # Errors  Last Runtime    Last Run
--------------------------------------  -----  ---------  --------  ----------  --------------  -------------------
/opt/airflow/dags/nyc_taxi_pipeline.py    396  0.00s             1           0  0.10s           2026-08-30T14:57:28
================================================================================
[2026-08-30T14:58:28.958+0000] {manager.py:879} INFO - 
================================================================================
DAG File Processing Stats

File Path                                 PID  Runtime      # DAGs    # Errors  Last Runtime    Last Run
--------------------------------------  -----  ---------  --------  ----------  --------------  -------------------
/opt/airflow/dags/nyc_taxi_pipeline.py    401  0.00s             1           0  0.10s           2026-08-30T14:57:58
================================================================================
[2026-08-30T14:58:59.144+0000] {manager.py:879} INFO - 
================================================================================
DAG File Processing Stats

File Path                                 PID  Runtime      # DAGs    # Errors  Last Runtime    Last Run
--------------------------------------  -----  ---------  --------  ----------  --------------  -------------------
/opt/airflow/dags/nyc_taxi_pipeline.py    406  0.00s             1           0  0.10s           2026-08-30T14:58:29
================================================================================
[2026-08-30T14:59:29.291+0000] {manager.py:879} INFO - 
================================================================================
DAG File Processing Stats

File Path                                 PID  Runtime      # DAGs    # Errors  Last Runtime    Last Run
--------------------------------------  -----  ---------  --------  ----------  --------------  -------------------
/opt/airflow/dags/nyc_taxi_pipeline.py    411  0.00s             1           0  0.10s           2026-08-30T14:58:59
================================================================================
[2026-08-30T14:59:59.474+0000] {manager.py:879} INFO - 
================================================================================
DAG File Processing Stats

File Path                                 PID  Runtime      # DAGs    # Errors  Last Runtime    Last Run
--------------------------------------  -----  ---------  --------  ----------  --------------  -------------------
/opt/airflow/dags/nyc_taxi_pipeline.py    416  0.00s             1           0  0.10s           2026-08-30T14:59:29
================================================================================
[2026-08-30T15:00:29.616+0000] {manager.py:879} INFO - 
================================================================================
DAG File Processing Stats

File Path                                 PID  Runtime      # DAGs    # Errors  Last Runtime    Last Run
--------------------------------------  -----  ---------  --------  ----------  --------------  -------------------
/opt/airflow/dags/nyc_taxi_pipeline.py    421  0.00s             1           0  0.10s           2026-08-30T14:59:59
================================================================================
[2026-08-30T15:00:53.765+0000] {manager.py:738} INFO - Searching for files in /opt/airflow/dags
[2026-08-30T15:00:53.785+0000] {manager.py:741} INFO - There are 1 files in /opt/airflow/dags
[2026-08-30T15:00:59.830+0000] {manager.py:879} INFO - 
================================================================================
DAG File Processing Stats

File Path                                 PID  Runtime      # DAGs    # Errors  Last Runtime    Last Run
--------------------------------------  -----  ---------  --------  ----------  --------------  -------------------
/opt/airflow/dags/nyc_taxi_pipeline.py    426  0.00s             1           0  0.10s           2026-08-30T15:00:29
================================================================================
[2026-08-30T15:01:29.979+0000] {manager.py:879} INFO - 
================================================================================
DAG File Processing Stats

File Path                                 PID  Runtime      # DAGs    # Errors  Last Runtime    Last Run
--------------------------------------  -----  ---------  --------  ----------  --------------  -------------------
/opt/airflow/dags/nyc_taxi_pipeline.py    431  0.00s             1           0  0.10s           2026-08-30T15:00:59
================================================================================
[2026-08-30T15:02:00.172+0000] {manager.py:879} INFO - 
================================================================================
DAG File Processing Stats

File Path                                 PID  Runtime      # DAGs    # Errors  Last Runtime    Last Run
--------------------------------------  -----  ---------  --------  ----------  --------------  -------------------
/opt/airflow/dags/nyc_taxi_pipeline.py    436  0.00s             1           0  0.10s           2026-08-30T15:01:30
================================================================================
[2026-08-30T15:02:30.320+0000] {manager.py:879} INFO - 
================================================================================
DAG File Processing Stats

File Path                                 PID  Runtime      # DAGs    # Errors  Last Runtime    Last Run
--------------------------------------  -----  ---------  --------  ----------  --------------  -------------------
/opt/airflow/dags/nyc_taxi_pipeline.py    441  0.00s             1           0  0.11s           2026-08-30T15:02:00
================================================================================
[2026-08-30T15:03:00.517+0000] {manager.py:879} INFO - 
================================================================================
DAG File Processing Stats

File Path                                 PID  Runtime      # DAGs    # Errors  Last Runtime    Last Run
--------------------------------------  -----  ---------  --------  ----------  --------------  -------------------
/opt/airflow/dags/nyc_taxi_pipeline.py    446  0.00s             1           0  0.10s           2026-08-30T15:02:30
================================================================================
[2026-08-30T15:03:30.667+0000] {manager.py:879} INFO - 
================================================================================
DAG File Processing Stats

File Path                                 PID  Runtime      # DAGs    # Errors  Last Runtime    Last Run
--------------------------------------  -----  ---------  --------  ----------  --------------  -------------------
/opt/airflow/dags/nyc_taxi_pipeline.py    451  0.00s             1           0  0.09s           2026-08-30T15:03:00
================================================================================
[2026-08-30T15:04:00.829+0000] {manager.py:879} INFO - 
================================================================================
DAG File Processing Stats

File Path                                 PID  Runtime      # DAGs    # Errors  Last Runtime    Last Run
--------------------------------------  -----  ---------  --------  ----------  --------------  -------------------
/opt/airflow/dags/nyc_taxi_pipeline.py    456  0.00s             1           0  0.09s           2026-08-30T15:03:30
================================================================================
[2026-08-30T15:04:30.970+0000] {manager.py:879} INFO - 
================================================================================
DAG File Processing Stats

File Path                                 PID  Runtime      # DAGs    # Errors  Last Runtime    Last Run
--------------------------------------  -----  ---------  --------  ----------  --------------  -------------------
/opt/airflow/dags/nyc_taxi_pipeline.py    461  0.00s             1           0  0.09s           2026-08-30T15:04:00
================================================================================
[2026-08-30T15:05:01.149+0000] {manager.py:879} INFO - 
================================================================================
DAG File Processing Stats

File Path                                 PID  Runtime      # DAGs    # Errors  Last Runtime    Last Run
--------------------------------------  -----  ---------  --------  ----------  --------------  -------------------
/opt/airflow/dags/nyc_taxi_pipeline.py    466  0.00s             1           0  0.09s           2026-08-30T15:04:31
================================================================================
[2026-08-30T15:05:31.311+0000] {manager.py:879} INFO - 
================================================================================
DAG File Processing Stats

File Path                                 PID  Runtime      # DAGs    # Errors  Last Runtime    Last Run
--------------------------------------  -----  ---------  --------  ----------  --------------  -------------------
/opt/airflow/dags/nyc_taxi_pipeline.py    471  0.00s             1           0  0.10s           2026-08-30T15:05:01
================================================================================
[2026-08-30T15:05:54.456+0000] {manager.py:738} INFO - Searching for files in /opt/airflow/dags
[2026-08-30T15:05:54.473+0000] {manager.py:741} INFO - There are 1 files in /opt/airflow/dags
[2026-08-30T15:06:01.524+0000] {manager.py:879} INFO - 
================================================================================
DAG File Processing Stats

File Path                                 PID  Runtime      # DAGs    # Errors  Last Runtime    Last Run
--------------------------------------  -----  ---------  --------  ----------  --------------  -------------------
/opt/airflow/dags/nyc_taxi_pipeline.py    476  0.00s             1           0  0.11s           2026-08-30T15:05:31
================================================================================
[2026-08-30T15:06:31.678+0000] {manager.py:879} INFO - 
================================================================================
DAG File Processing Stats

File Path                                 PID  Runtime      # DAGs    # Errors  Last Runtime    Last Run
--------------------------------------  -----  ---------  --------  ----------  --------------  -------------------
/opt/airflow/dags/nyc_taxi_pipeline.py    481  0.00s             1           0  0.10s           2026-08-30T15:06:01
================================================================================
[2026-08-30T15:07:01.863+0000] {manager.py:879} INFO - 
================================================================================
DAG File Processing Stats

File Path                                 PID  Runtime      # DAGs    # Errors  Last Runtime    Last Run
--------------------------------------  -----  ---------  --------  ----------  --------------  -------------------
/opt/airflow/dags/nyc_taxi_pipeline.py    486  0.00s             1           0  0.10s           2026-08-30T15:06:31
================================================================================
[2026-08-30T15:07:32.016+0000] {manager.py:879} INFO - 
================================================================================
DAG File Processing Stats

File Path                                 PID  Runtime      # DAGs    # Errors  Last Runtime    Last Run
--------------------------------------  -----  ---------  --------  ----------  --------------  -------------------
/opt/airflow/dags/nyc_taxi_pipeline.py    491  0.00s             1           0  0.10s           2026-08-30T15:07:01
================================================================================
[2026-08-30T15:08:02.200+0000] {manager.py:879} INFO - 
================================================================================
DAG File Processing Stats

File Path                                 PID  Runtime      # DAGs    # Errors  Last Runtime    Last Run
--------------------------------------  -----  ---------  --------  ----------  --------------  -------------------
/opt/airflow/dags/nyc_taxi_pipeline.py    496  0.00s             1           0  0.10s           2026-08-30T15:07:32
================================================================================
[2026-08-30T15:08:32.338+0000] {manager.py:879} INFO - 
================================================================================
DAG File Processing Stats

File Path                                 PID  Runtime      # DAGs    # Errors  Last Runtime    Last Run
--------------------------------------  -----  ---------  --------  ----------  --------------  -------------------
/opt/airflow/dags/nyc_taxi_pipeline.py    501  0.00s             1           0  0.10s           2026-08-30T15:08:02
================================================================================
[2026-08-30T15:09:02.543+0000] {manager.py:879} INFO - 
================================================================================
DAG File Processing Stats

File Path                                 PID  Runtime      # DAGs    # Errors  Last Runtime    Last Run
--------------------------------------  -----  ---------  --------  ----------  --------------  -------------------
/opt/airflow/dags/nyc_taxi_pipeline.py    506  0.00s             1           0  0.10s           2026-08-30T15:08:32
================================================================================
[2026-08-30T15:09:32.698+0000] {manager.py:879} INFO - 
================================================================================
DAG File Processing Stats

File Path                                 PID  Runtime      # DAGs    # Errors  Last Runtime    Last Run
--------------------------------------  -----  ---------  --------  ----------  --------------  -------------------
/opt/airflow/dags/nyc_taxi_pipeline.py    511  0.00s             1           0  0.09s           2026-08-30T15:09:02
================================================================================
[2026-08-30T15:10:02.878+0000] {manager.py:879} INFO - 
================================================================================
DAG File Processing Stats

File Path                                 PID  Runtime      # DAGs    # Errors  Last Runtime    Last Run
--------------------------------------  -----  ---------  --------  ----------  --------------  -------------------
/opt/airflow/dags/nyc_taxi_pipeline.py    516  0.00s             1           0  0.09s           2026-08-30T15:09:32
================================================================================
[2026-08-30T15:10:33.033+0000] {manager.py:879} INFO - 
================================================================================
DAG File Processing Stats

File Path                                 PID  Runtime      # DAGs    # Errors  Last Runtime    Last Run
--------------------------------------  -----  ---------  --------  ----------  --------------  -------------------
/opt/airflow/dags/nyc_taxi_pipeline.py    521  0.00s             1           0  0.10s           2026-08-30T15:10:02
================================================================================
[2026-08-30T15:10:55.171+0000] {manager.py:738} INFO - Searching for files in /opt/airflow/dags
[2026-08-30T15:10:55.190+0000] {manager.py:741} INFO - There are 1 files in /opt/airflow/dags
[2026-08-30T15:11:03.246+0000] {manager.py:879} INFO - 
================================================================================
DAG File Processing Stats

File Path                                 PID  Runtime      # DAGs    # Errors  Last Runtime    Last Run
--------------------------------------  -----  ---------  --------  ----------  --------------  -------------------
/opt/airflow/dags/nyc_taxi_pipeline.py    526  0.00s             1           0  0.10s           2026-08-30T15:10:33
================================================================================
[2026-08-30T15:11:33.392+0000] {manager.py:879} INFO - 
================================================================================
DAG File Processing Stats

File Path                                 PID  Runtime      # DAGs    # Errors  Last Runtime    Last Run
--------------------------------------  -----  ---------  --------  ----------  --------------  -------------------
/opt/airflow/dags/nyc_taxi_pipeline.py    531  0.00s             1           0  0.10s           2026-08-30T15:11:03
================================================================================
[2026-08-30T15:12:03.591+0000] {manager.py:879} INFO - 
================================================================================
DAG File Processing Stats

File Path                                 PID  Runtime      # DAGs    # Errors  Last Runtime    Last Run
--------------------------------------  -----  ---------  --------  ----------  --------------  -------------------
/opt/airflow/dags/nyc_taxi_pipeline.py    716  0.00s             1           0  0.10s           2026-08-30T15:11:33
================================================================================
[2026-08-30T15:12:33.744+0000] {manager.py:879} INFO - 
================================================================================
DAG File Processing Stats

File Path                                 PID  Runtime      # DAGs    # Errors  Last Runtime    Last Run
--------------------------------------  -----  ---------  --------  ----------  --------------  -------------------
/opt/airflow/dags/nyc_taxi_pipeline.py    831  0.00s             1           0  0.14s           2026-08-30T15:12:03
================================================================================
[2026-08-30T15:13:03.973+0000] {manager.py:879} INFO - 
================================================================================
DAG File Processing Stats

File Path                                 PID  Runtime      # DAGs    # Errors  Last Runtime    Last Run
--------------------------------------  -----  ---------  --------  ----------  --------------  -------------------
/opt/airflow/dags/nyc_taxi_pipeline.py    836  0.00s             1           0  0.11s           2026-08-30T15:12:33
================================================================================
[2026-08-30T15:13:34.108+0000] {manager.py:879} INFO - 
================================================================================
DAG File Processing Stats

File Path                               PID    Runtime      # DAGs    # Errors  Last Runtime    Last Run
--------------------------------------  -----  ---------  --------  ----------  --------------  -------------------
/opt/airflow/dags/nyc_taxi_pipeline.py                           1           0  0.16s           2026-08-30T15:13:04
================================================================================
[2026-08-30T15:14:04.383+0000] {manager.py:879} INFO - 
================================================================================
DAG File Processing Stats

File Path                                 PID  Runtime      # DAGs    # Errors  Last Runtime    Last Run
--------------------------------------  -----  ---------  --------  ----------  --------------  -------------------
/opt/airflow/dags/nyc_taxi_pipeline.py    846  0.00s             1           0  0.11s           2026-08-30T15:13:34
================================================================================
[2026-08-30T15:14:34.605+0000] {manager.py:879} INFO - 
================================================================================
DAG File Processing Stats

File Path                                 PID  Runtime      # DAGs    # Errors  Last Runtime    Last Run
--------------------------------------  -----  ---------  --------  ----------  --------------  -------------------
/opt/airflow/dags/nyc_taxi_pipeline.py    851  0.00s             1           0  0.10s           2026-08-30T15:14:04
================================================================================
[2026-08-30T15:15:04.747+0000] {manager.py:879} INFO - 
================================================================================
DAG File Processing Stats

File Path                                 PID  Runtime      # DAGs    # Errors  Last Runtime    Last Run
--------------------------------------  -----  ---------  --------  ----------  --------------  -------------------
/opt/airflow/dags/nyc_taxi_pipeline.py    856  0.00s             1           0  0.11s           2026-08-30T15:14:34
================================================================================
[2026-08-30T15:15:34.945+0000] {manager.py:879} INFO - 
================================================================================
DAG File Processing Stats

File Path                                 PID  Runtime      # DAGs    # Errors  Last Runtime    Last Run
--------------------------------------  -----  ---------  --------  ----------  --------------  -------------------
/opt/airflow/dags/nyc_taxi_pipeline.py    861  0.00s             1           0  0.11s           2026-08-30T15:15:04
================================================================================
[2026-08-30T15:15:56.037+0000] {manager.py:738} INFO - Searching for files in /opt/airflow/dags
[2026-08-30T15:15:56.053+0000] {manager.py:741} INFO - There are 1 files in /opt/airflow/dags
[2026-08-30T15:16:05.104+0000] {manager.py:879} INFO - 
================================================================================
DAG File Processing Stats

File Path                                 PID  Runtime      # DAGs    # Errors  Last Runtime    Last Run
--------------------------------------  -----  ---------  --------  ----------  --------------  -------------------
/opt/airflow/dags/nyc_taxi_pipeline.py    866  0.00s             1           0  0.10s           2026-08-30T15:15:35
================================================================================
[2026-08-30T15:16:35.268+0000] {manager.py:879} INFO - 
================================================================================
DAG File Processing Stats

File Path                                 PID  Runtime      # DAGs    # Errors  Last Runtime    Last Run
--------------------------------------  -----  ---------  --------  ----------  --------------  -------------------
/opt/airflow/dags/nyc_taxi_pipeline.py    871  0.00s             1           0  0.10s           2026-08-30T15:16:05
================================================================================
[2026-08-30T15:17:05.434+0000] {manager.py:879} INFO - 
================================================================================
DAG File Processing Stats

File Path                                 PID  Runtime      # DAGs    # Errors  Last Runtime    Last Run
--------------------------------------  -----  ---------  --------  ----------  --------------  -------------------
/opt/airflow/dags/nyc_taxi_pipeline.py    876  0.00s             1           0  0.09s           2026-08-30T15:16:35
================================================================================
[2026-08-30T15:17:35.594+0000] {manager.py:879} INFO - 
================================================================================
DAG File Processing Stats

File Path                                 PID  Runtime      # DAGs    # Errors  Last Runtime    Last Run
--------------------------------------  -----  ---------  --------  ----------  --------------  -------------------
/opt/airflow/dags/nyc_taxi_pipeline.py    881  0.00s             1           0  0.09s           2026-08-30T15:17:05
================================================================================
[2026-08-30T15:18:05.768+0000] {manager.py:879} INFO - 
================================================================================
DAG File Processing Stats

File Path                                 PID  Runtime      # DAGs    # Errors  Last Runtime    Last Run
--------------------------------------  -----  ---------  --------  ----------  --------------  -------------------
/opt/airflow/dags/nyc_taxi_pipeline.py    886  0.00s             1           0  0.10s           2026-08-30T15:17:35
================================================================================
[2026-08-30T15:18:35.928+0000] {manager.py:879} INFO - 
================================================================================
DAG File Processing Stats

File Path                                 PID  Runtime      # DAGs    # Errors  Last Runtime    Last Run
--------------------------------------  -----  ---------  --------  ----------  --------------  -------------------
/opt/airflow/dags/nyc_taxi_pipeline.py    891  0.00s             1           0  0.09s           2026-08-30T15:18:05
================================================================================
[2026-08-30T15:19:06.094+0000] {manager.py:879} INFO - 
================================================================================
DAG File Processing Stats

File Path                                 PID  Runtime      # DAGs    # Errors  Last Runtime    Last Run
--------------------------------------  -----  ---------  --------  ----------  --------------  -------------------
/opt/airflow/dags/nyc_taxi_pipeline.py    896  0.00s             1           0  0.10s           2026-08-30T15:18:36
================================================================================
[2026-08-30T15:19:36.269+0000] {manager.py:879} INFO - 
================================================================================
DAG File Processing Stats

File Path                                 PID  Runtime      # DAGs    # Errors  Last Runtime    Last Run
--------------------------------------  -----  ---------  --------  ----------  --------------  -------------------
/opt/airflow/dags/nyc_taxi_pipeline.py    901  0.00s             1           0  0.09s           2026-08-30T15:19:06
================================================================================
[2026-08-30T15:20:06.422+0000] {manager.py:879} INFO - 
================================================================================
DAG File Processing Stats

File Path                                 PID  Runtime      # DAGs    # Errors  Last Runtime    Last Run
--------------------------------------  -----  ---------  --------  ----------  --------------  -------------------
/opt/airflow/dags/nyc_taxi_pipeline.py    906  0.00s             1           0  0.11s           2026-08-30T15:19:36
================================================================================
[2026-08-30T15:20:36.609+0000] {manager.py:879} INFO - 
================================================================================
DAG File Processing Stats

File Path                                 PID  Runtime      # DAGs    # Errors  Last Runtime    Last Run
--------------------------------------  -----  ---------  --------  ----------  --------------  -------------------
/opt/airflow/dags/nyc_taxi_pipeline.py    911  0.00s             1           0  0.11s           2026-08-30T15:20:06
================================================================================
[2026-08-30T15:20:56.718+0000] {manager.py:738} INFO - Searching for files in /opt/airflow/dags
[2026-08-30T15:20:56.735+0000] {manager.py:741} INFO - There are 1 files in /opt/airflow/dags
[2026-08-30T15:21:06.801+0000] {manager.py:879} INFO - 
================================================================================
DAG File Processing Stats

File Path                                 PID  Runtime      # DAGs    # Errors  Last Runtime    Last Run
--------------------------------------  -----  ---------  --------  ----------  --------------  -------------------
/opt/airflow/dags/nyc_taxi_pipeline.py    916  0.00s             1           0  0.11s           2026-08-30T15:20:36
================================================================================
[2026-08-30T15:21:36.961+0000] {manager.py:879} INFO - 
================================================================================
DAG File Processing Stats

File Path                                 PID  Runtime      # DAGs    # Errors  Last Runtime    Last Run
--------------------------------------  -----  ---------  --------  ----------  --------------  -------------------
/opt/airflow/dags/nyc_taxi_pipeline.py    921  0.00s             1           0  0.10s           2026-08-30T15:21:06
================================================================================
[2026-08-30T15:22:07.139+0000] {manager.py:879} INFO - 
================================================================================
DAG File Processing Stats

File Path                                 PID  Runtime      # DAGs    # Errors  Last Runtime    Last Run
--------------------------------------  -----  ---------  --------  ----------  --------------  -------------------
/opt/airflow/dags/nyc_taxi_pipeline.py    926  0.00s             1           0  0.10s           2026-08-30T15:21:37
================================================================================
[2026-08-30T15:22:37.301+0000] {manager.py:879} INFO - 
================================================================================
DAG File Processing Stats

File Path                                 PID  Runtime      # DAGs    # Errors  Last Runtime    Last Run
--------------------------------------  -----  ---------  --------  ----------  --------------  -------------------
/opt/airflow/dags/nyc_taxi_pipeline.py    931  0.00s             1           0  0.09s           2026-08-30T15:22:07
================================================================================
[2026-08-30T15:23:07.473+0000] {manager.py:879} INFO - 
================================================================================
DAG File Processing Stats

File Path                                 PID  Runtime      # DAGs    # Errors  Last Runtime    Last Run
--------------------------------------  -----  ---------  --------  ----------  --------------  -------------------
/opt/airflow/dags/nyc_taxi_pipeline.py    936  0.00s             1           0  0.11s           2026-08-30T15:22:37
================================================================================
[2026-08-30T15:23:37.643+0000] {manager.py:879} INFO - 
================================================================================
DAG File Processing Stats

File Path                                 PID  Runtime      # DAGs    # Errors  Last Runtime    Last Run
--------------------------------------  -----  ---------  --------  ----------  --------------  -------------------
/opt/airflow/dags/nyc_taxi_pipeline.py    941  0.00s             1           0  0.10s           2026-08-30T15:23:07
================================================================================
[2026-08-30T15:24:07.800+0000] {manager.py:879} INFO - 
================================================================================
DAG File Processing Stats

File Path                                 PID  Runtime      # DAGs    # Errors  Last Runtime    Last Run
--------------------------------------  -----  ---------  --------  ----------  --------------  -------------------
/opt/airflow/dags/nyc_taxi_pipeline.py    946  0.00s             1           0  0.10s           2026-08-30T15:23:37
================================================================================
[2026-08-30T15:24:37.968+0000] {manager.py:879} INFO - 
================================================================================
DAG File Processing Stats

File Path                                 PID  Runtime      # DAGs    # Errors  Last Runtime    Last Run
--------------------------------------  -----  ---------  --------  ----------  --------------  -------------------
/opt/airflow/dags/nyc_taxi_pipeline.py    951  0.00s             1           0  0.10s           2026-08-30T15:24:07
================================================================================
[2026-08-30T15:25:08.135+0000] {manager.py:879} INFO - 
================================================================================
DAG File Processing Stats

File Path                                 PID  Runtime      # DAGs    # Errors  Last Runtime    Last Run
--------------------------------------  -----  ---------  --------  ----------  --------------  -------------------
/opt/airflow/dags/nyc_taxi_pipeline.py    956  0.00s             1           0  0.10s           2026-08-30T15:24:38
================================================================================
[2026-08-30T15:25:38.307+0000] {manager.py:879} INFO - 
================================================================================
DAG File Processing Stats

File Path                                 PID  Runtime      # DAGs    # Errors  Last Runtime    Last Run
--------------------------------------  -----  ---------  --------  ----------  --------------  -------------------
/opt/airflow/dags/nyc_taxi_pipeline.py    961  0.00s             1           0  0.10s           2026-08-30T15:25:08
================================================================================
[2026-08-30T15:25:57.415+0000] {manager.py:738} INFO - Searching for files in /opt/airflow/dags
[2026-08-30T15:25:57.430+0000] {manager.py:741} INFO - There are 1 files in /opt/airflow/dags
[2026-08-30T15:26:08.494+0000] {manager.py:879} INFO - 
================================================================================
DAG File Processing Stats

File Path                                 PID  Runtime      # DAGs    # Errors  Last Runtime    Last Run
--------------------------------------  -----  ---------  --------  ----------  --------------  -------------------
/opt/airflow/dags/nyc_taxi_pipeline.py    966  0.00s             1           0  0.09s           2026-08-30T15:25:38
================================================================================
[2026-08-30T15:26:38.642+0000] {manager.py:879} INFO - 
================================================================================
DAG File Processing Stats

File Path                                 PID  Runtime      # DAGs    # Errors  Last Runtime    Last Run
--------------------------------------  -----  ---------  --------  ----------  --------------  -------------------
/opt/airflow/dags/nyc_taxi_pipeline.py    971  0.00s             1           0  0.10s           2026-08-30T15:26:08
================================================================================
[2026-08-30T15:27:08.827+0000] {manager.py:879} INFO - 
================================================================================
DAG File Processing Stats

File Path                                 PID  Runtime      # DAGs    # Errors  Last Runtime    Last Run
--------------------------------------  -----  ---------  --------  ----------  --------------  -------------------
/opt/airflow/dags/nyc_taxi_pipeline.py    976  0.00s             1           0  0.10s           2026-08-30T15:26:38
================================================================================
[2026-08-30T15:27:38.974+0000] {manager.py:879} INFO - 
================================================================================
DAG File Processing Stats

File Path                                 PID  Runtime      # DAGs    # Errors  Last Runtime    Last Run
--------------------------------------  -----  ---------  --------  ----------  --------------  -------------------
/opt/airflow/dags/nyc_taxi_pipeline.py    981  0.00s             1           0  0.10s           2026-08-30T15:27:08
================================================================================
[2026-08-30T15:28:09.154+0000] {manager.py:879} INFO - 
================================================================================
DAG File Processing Stats

File Path                                 PID  Runtime      # DAGs    # Errors  Last Runtime    Last Run
--------------------------------------  -----  ---------  --------  ----------  --------------  -------------------
/opt/airflow/dags/nyc_taxi_pipeline.py    986  0.00s             1           0  0.10s           2026-08-30T15:27:39
================================================================================
[2026-08-30T15:28:39.306+0000] {manager.py:879} INFO - 
================================================================================
DAG File Processing Stats

File Path                                 PID  Runtime      # DAGs    # Errors  Last Runtime    Last Run
--------------------------------------  -----  ---------  --------  ----------  --------------  -------------------
/opt/airflow/dags/nyc_taxi_pipeline.py    991  0.00s             1           0  0.10s           2026-08-30T15:28:09
================================================================================
[2026-08-30T15:29:09.496+0000] {manager.py:879} INFO - 
================================================================================
DAG File Processing Stats

File Path                                 PID  Runtime      # DAGs    # Errors  Last Runtime    Last Run
--------------------------------------  -----  ---------  --------  ----------  --------------  -------------------
/opt/airflow/dags/nyc_taxi_pipeline.py    996  0.00s             1           0  0.10s           2026-08-30T15:28:39
================================================================================
[2026-08-30T15:29:39.644+0000] {manager.py:879} INFO - 
================================================================================
DAG File Processing Stats

File Path                                 PID  Runtime      # DAGs    # Errors  Last Runtime    Last Run
--------------------------------------  -----  ---------  --------  ----------  --------------  -------------------
/opt/airflow/dags/nyc_taxi_pipeline.py   1001  0.00s             1           0  0.10s           2026-08-30T15:29:09
================================================================================
[2026-08-30T15:30:09.847+0000] {manager.py:879} INFO - 
================================================================================
DAG File Processing Stats

File Path                                 PID  Runtime      # DAGs    # Errors  Last Runtime    Last Run
--------------------------------------  -----  ---------  --------  ----------  --------------  -------------------
/opt/airflow/dags/nyc_taxi_pipeline.py   1006  0.00s             1           0  0.10s           2026-08-30T15:29:39
================================================================================
[2026-08-30T15:30:39.989+0000] {manager.py:879} INFO - 
================================================================================
DAG File Processing Stats

File Path                                 PID  Runtime      # DAGs    # Errors  Last Runtime    Last Run
--------------------------------------  -----  ---------  --------  ----------  --------------  -------------------
/opt/airflow/dags/nyc_taxi_pipeline.py   1011  0.00s             1           0  0.09s           2026-08-30T15:30:09
================================================================================
[2026-08-30T15:30:58.108+0000] {manager.py:738} INFO - Searching for files in /opt/airflow/dags
[2026-08-30T15:30:58.126+0000] {manager.py:741} INFO - There are 1 files in /opt/airflow/dags
[2026-08-30T15:31:10.195+0000] {manager.py:879} INFO - 
================================================================================
DAG File Processing Stats

File Path                                 PID  Runtime      # DAGs    # Errors  Last Runtime    Last Run
--------------------------------------  -----  ---------  --------  ----------  --------------  -------------------
/opt/airflow/dags/nyc_taxi_pipeline.py   1016  0.00s             1           0  0.10s           2026-08-30T15:30:40
================================================================================
[2026-08-30T15:31:40.341+0000] {manager.py:879} INFO - 
================================================================================
DAG File Processing Stats

File Path                                 PID  Runtime      # DAGs    # Errors  Last Runtime    Last Run
--------------------------------------  -----  ---------  --------  ----------  --------------  -------------------
/opt/airflow/dags/nyc_taxi_pipeline.py   1021  0.00s             1           0  0.10s           2026-08-30T15:31:10
================================================================================
[2026-08-30T15:32:10.518+0000] {manager.py:879} INFO - 
================================================================================
DAG File Processing Stats

File Path                                 PID  Runtime      # DAGs    # Errors  Last Runtime    Last Run
--------------------------------------  -----  ---------  --------  ----------  --------------  -------------------
/opt/airflow/dags/nyc_taxi_pipeline.py   1026  0.00s             1           0  0.10s           2026-08-30T15:31:40
================================================================================
[2026-08-30T15:32:40.673+0000] {manager.py:879} INFO - 
================================================================================
DAG File Processing Stats

File Path                                 PID  Runtime      # DAGs    # Errors  Last Runtime    Last Run
--------------------------------------  -----  ---------  --------  ----------  --------------  -------------------
/opt/airflow/dags/nyc_taxi_pipeline.py   1031  0.00s             1           0  0.11s           2026-08-30T15:32:10
================================================================================
[2026-08-30T15:33:10.871+0000] {manager.py:879} INFO - 
================================================================================
DAG File Processing Stats

File Path                                 PID  Runtime      # DAGs    # Errors  Last Runtime    Last Run
--------------------------------------  -----  ---------  --------  ----------  --------------  -------------------
/opt/airflow/dags/nyc_taxi_pipeline.py   1036  0.00s             1           0  0.10s           2026-08-30T15:32:40
================================================================================
[2026-08-30T15:33:41.021+0000] {manager.py:879} INFO - 
================================================================================
DAG File Processing Stats

File Path                                 PID  Runtime      # DAGs    # Errors  Last Runtime    Last Run
--------------------------------------  -----  ---------  --------  ----------  --------------  -------------------
/opt/airflow/dags/nyc_taxi_pipeline.py   1041  0.00s             1           0  0.09s           2026-08-30T15:33:10
================================================================================
[2026-08-30T15:34:11.211+0000] {manager.py:879} INFO - 
================================================================================
DAG File Processing Stats

File Path                                 PID  Runtime      # DAGs    # Errors  Last Runtime    Last Run
--------------------------------------  -----  ---------  --------  ----------  --------------  -------------------
/opt/airflow/dags/nyc_taxi_pipeline.py   1046  0.00s             1           0  0.10s           2026-08-30T15:33:41
================================================================================
[2026-08-30T15:34:41.362+0000] {manager.py:879} INFO - 
================================================================================
DAG File Processing Stats

File Path                                 PID  Runtime      # DAGs    # Errors  Last Runtime    Last Run
--------------------------------------  -----  ---------  --------  ----------  --------------  -------------------
/opt/airflow/dags/nyc_taxi_pipeline.py   1051  0.00s             1           0  0.10s           2026-08-30T15:34:11
================================================================================
[2026-08-30T15:35:11.538+0000] {manager.py:879} INFO - 
================================================================================
DAG File Processing Stats

File Path                                 PID  Runtime      # DAGs    # Errors  Last Runtime    Last Run
--------------------------------------  -----  ---------  --------  ----------  --------------  -------------------
/opt/airflow/dags/nyc_taxi_pipeline.py   1056  0.00s             1           0  0.10s           2026-08-30T15:34:41
================================================================================
[2026-08-30T15:35:41.682+0000] {manager.py:879} INFO - 
================================================================================
DAG File Processing Stats

File Path                                 PID  Runtime      # DAGs    # Errors  Last Runtime    Last Run
--------------------------------------  -----  ---------  --------  ----------  --------------  -------------------
/opt/airflow/dags/nyc_taxi_pipeline.py   1061  0.00s             1           0  0.10s           2026-08-30T15:35:11
================================================================================
[2026-08-30T15:35:58.802+0000] {manager.py:738} INFO - Searching for files in /opt/airflow/dags
[2026-08-30T15:35:58.818+0000] {manager.py:741} INFO - There are 1 files in /opt/airflow/dags
[2026-08-30T15:36:11.893+0000] {manager.py:879} INFO - 
================================================================================
DAG File Processing Stats

File Path                                 PID  Runtime      # DAGs    # Errors  Last Runtime    Last Run
--------------------------------------  -----  ---------  --------  ----------  --------------  -------------------
/opt/airflow/dags/nyc_taxi_pipeline.py   1066  0.00s             1           0  0.10s           2026-08-30T15:35:41
================================================================================
[2026-08-30T15:36:42.034+0000] {manager.py:879} INFO - 
================================================================================
DAG File Processing Stats

File Path                                 PID  Runtime      # DAGs    # Errors  Last Runtime    Last Run
--------------------------------------  -----  ---------  --------  ----------  --------------  -------------------
/opt/airflow/dags/nyc_taxi_pipeline.py   1071  0.00s             1           0  0.10s           2026-08-30T15:36:11
================================================================================
[2026-08-30T15:37:12.236+0000] {manager.py:879} INFO - 
================================================================================
DAG File Processing Stats

File Path                                 PID  Runtime      # DAGs    # Errors  Last Runtime    Last Run
--------------------------------------  -----  ---------  --------  ----------  --------------  -------------------
/opt/airflow/dags/nyc_taxi_pipeline.py   1076  0.00s             1           0  0.09s           2026-08-30T15:36:42
================================================================================
[2026-08-30T15:37:42.385+0000] {manager.py:879} INFO - 
================================================================================
DAG File Processing Stats

File Path                                 PID  Runtime      # DAGs    # Errors  Last Runtime    Last Run
--------------------------------------  -----  ---------  --------  ----------  --------------  -------------------
/opt/airflow/dags/nyc_taxi_pipeline.py   1081  0.00s             1           0  0.10s           2026-08-30T15:37:12
================================================================================
[2026-08-30T15:38:12.580+0000] {manager.py:879} INFO - 
================================================================================
DAG File Processing Stats

File Path                                 PID  Runtime      # DAGs    # Errors  Last Runtime    Last Run
--------------------------------------  -----  ---------  --------  ----------  --------------  -------------------
/opt/airflow/dags/nyc_taxi_pipeline.py   1086  0.00s             1           0  0.10s           2026-08-30T15:37:42
================================================================================
[2026-08-30T15:38:42.722+0000] {manager.py:879} INFO - 
================================================================================
DAG File Processing Stats

File Path                                 PID  Runtime      # DAGs    # Errors  Last Runtime    Last Run
--------------------------------------  -----  ---------  --------  ----------  --------------  -------------------
/opt/airflow/dags/nyc_taxi_pipeline.py   1091  0.00s             1           0  0.10s           2026-08-30T15:38:12
================================================================================
[2026-08-30T15:39:12.914+0000] {manager.py:879} INFO - 
================================================================================
DAG File Processing Stats

File Path                                 PID  Runtime      # DAGs    # Errors  Last Runtime    Last Run
--------------------------------------  -----  ---------  --------  ----------  --------------  -------------------
/opt/airflow/dags/nyc_taxi_pipeline.py   1096  0.00s             1           0  0.10s           2026-08-30T15:38:42
================================================================================
[2026-08-30T15:39:43.055+0000] {manager.py:879} INFO - 
================================================================================
DAG File Processing Stats

File Path                                 PID  Runtime      # DAGs    # Errors  Last Runtime    Last Run
--------------------------------------  -----  ---------  --------  ----------  --------------  -------------------
/opt/airflow/dags/nyc_taxi_pipeline.py   1101  0.00s             1           0  0.09s           2026-08-30T15:39:13
================================================================================
[2026-08-30T15:40:13.239+0000] {manager.py:879} INFO - 
================================================================================
DAG File Processing Stats

File Path                                 PID  Runtime      # DAGs    # Errors  Last Runtime    Last Run
--------------------------------------  -----  ---------  --------  ----------  --------------  -------------------
/opt/airflow/dags/nyc_taxi_pipeline.py   1106  0.00s             1           0  0.10s           2026-08-30T15:39:43
================================================================================
[2026-08-30T15:40:43.383+0000] {manager.py:879} INFO - 
================================================================================
DAG File Processing Stats

File Path                                 PID  Runtime      # DAGs    # Errors  Last Runtime    Last Run
--------------------------------------  -----  ---------  --------  ----------  --------------  -------------------
/opt/airflow/dags/nyc_taxi_pipeline.py   1111  0.00s             1           0  0.10s           2026-08-30T15:40:13
================================================================================
[2026-08-30T15:40:59.491+0000] {manager.py:738} INFO - Searching for files in /opt/airflow/dags
[2026-08-30T15:40:59.507+0000] {manager.py:741} INFO - There are 1 files in /opt/airflow/dags
[2026-08-30T15:41:13.587+0000] {manager.py:879} INFO - 
================================================================================
DAG File Processing Stats

File Path                                 PID  Runtime      # DAGs    # Errors  Last Runtime    Last Run
--------------------------------------  -----  ---------  --------  ----------  --------------  -------------------
/opt/airflow/dags/nyc_taxi_pipeline.py   1116  0.00s             1           0  0.10s           2026-08-30T15:40:43
================================================================================
[2026-08-30T15:41:43.740+0000] {manager.py:879} INFO - 
================================================================================
DAG File Processing Stats

File Path                                 PID  Runtime      # DAGs    # Errors  Last Runtime    Last Run
--------------------------------------  -----  ---------  --------  ----------  --------------  -------------------
/opt/airflow/dags/nyc_taxi_pipeline.py   1121  0.00s             1           0  0.10s           2026-08-30T15:41:13
================================================================================
[2026-08-30T15:42:13.934+0000] {manager.py:879} INFO - 
================================================================================
DAG File Processing Stats

File Path                                 PID  Runtime      # DAGs    # Errors  Last Runtime    Last Run
--------------------------------------  -----  ---------  --------  ----------  --------------  -------------------
/opt/airflow/dags/nyc_taxi_pipeline.py   1126  0.00s             1           0  0.09s           2026-08-30T15:41:43
================================================================================
[2026-08-30T15:42:44.080+0000] {manager.py:879} INFO - 
================================================================================
DAG File Processing Stats

File Path                                 PID  Runtime      # DAGs    # Errors  Last Runtime    Last Run
--------------------------------------  -----  ---------  --------  ----------  --------------  -------------------
/opt/airflow/dags/nyc_taxi_pipeline.py   1131  0.00s             1           0  0.09s           2026-08-30T15:42:14
================================================================================
[2026-08-30T15:43:14.246+0000] {manager.py:879} INFO - 
================================================================================
DAG File Processing Stats

File Path                                 PID  Runtime      # DAGs    # Errors  Last Runtime    Last Run
--------------------------------------  -----  ---------  --------  ----------  --------------  -------------------
/opt/airflow/dags/nyc_taxi_pipeline.py   1136  0.00s             1           0  0.09s           2026-08-30T15:42:44
================================================================================
[2026-08-30T15:43:44.393+0000] {manager.py:879} INFO - 
================================================================================
DAG File Processing Stats

File Path                                 PID  Runtime      # DAGs    # Errors  Last Runtime    Last Run
--------------------------------------  -----  ---------  --------  ----------  --------------  -------------------
/opt/airflow/dags/nyc_taxi_pipeline.py   1141  0.00s             1           0  0.09s           2026-08-30T15:43:14
================================================================================
[2026-08-30T15:44:14.564+0000] {manager.py:879} INFO - 
================================================================================
DAG File Processing Stats

File Path                                 PID  Runtime      # DAGs    # Errors  Last Runtime    Last Run
--------------------------------------  -----  ---------  --------  ----------  --------------  -------------------
/opt/airflow/dags/nyc_taxi_pipeline.py   1146  0.00s             1           0  0.09s           2026-08-30T15:43:44
================================================================================
[2026-08-30T15:44:44.712+0000] {manager.py:879} INFO - 
================================================================================
DAG File Processing Stats

File Path                                 PID  Runtime      # DAGs    # Errors  Last Runtime    Last Run
--------------------------------------  -----  ---------  --------  ----------  --------------  -------------------
/opt/airflow/dags/nyc_taxi_pipeline.py   1151  0.00s             1           0  0.09s           2026-08-30T15:44:14
================================================================================
[2026-08-30T15:45:14.891+0000] {manager.py:879} INFO - 
================================================================================
DAG File Processing Stats

File Path                                 PID  Runtime      # DAGs    # Errors  Last Runtime    Last Run
--------------------------------------  -----  ---------  --------  ----------  --------------  -------------------
/opt/airflow/dags/nyc_taxi_pipeline.py   1156  0.00s             1           0  0.10s           2026-08-30T15:44:44
================================================================================
[2026-08-30T15:45:45.053+0000] {manager.py:879} INFO - 
================================================================================
DAG File Processing Stats

File Path                                 PID  Runtime      # DAGs    # Errors  Last Runtime    Last Run
--------------------------------------  -----  ---------  --------  ----------  --------------  -------------------
/opt/airflow/dags/nyc_taxi_pipeline.py   1161  0.00s             1           0  0.10s           2026-08-30T15:45:14
================================================================================
[2026-08-30T15:46:00.147+0000] {manager.py:738} INFO - Searching for files in /opt/airflow/dags
[2026-08-30T15:46:00.171+0000] {manager.py:741} INFO - There are 1 files in /opt/airflow/dags
[2026-08-30T15:46:15.257+0000] {manager.py:879} INFO - 
================================================================================
DAG File Processing Stats

File Path                                 PID  Runtime      # DAGs    # Errors  Last Runtime    Last Run
--------------------------------------  -----  ---------  --------  ----------  --------------  -------------------
/opt/airflow/dags/nyc_taxi_pipeline.py   1166  0.00s             1           0  0.09s           2026-08-30T15:45:45
================================================================================
[2026-08-30T15:46:45.408+0000] {manager.py:879} INFO - 
================================================================================
DAG File Processing Stats

File Path                                 PID  Runtime      # DAGs    # Errors  Last Runtime    Last Run
--------------------------------------  -----  ---------  --------  ----------  --------------  -------------------
/opt/airflow/dags/nyc_taxi_pipeline.py   1171  0.00s             1           0  0.10s           2026-08-30T15:46:15
================================================================================
[2026-08-30T15:47:15.582+0000] {manager.py:879} INFO - 
================================================================================
DAG File Processing Stats

File Path                                 PID  Runtime      # DAGs    # Errors  Last Runtime    Last Run
--------------------------------------  -----  ---------  --------  ----------  --------------  -------------------
/opt/airflow/dags/nyc_taxi_pipeline.py   1176  0.00s             1           0  0.09s           2026-08-30T15:46:45
================================================================================
[2026-08-30T15:47:45.725+0000] {manager.py:879} INFO - 
================================================================================
DAG File Processing Stats

File Path                                 PID  Runtime      # DAGs    # Errors  Last Runtime    Last Run
--------------------------------------  -----  ---------  --------  ----------  --------------  -------------------
/opt/airflow/dags/nyc_taxi_pipeline.py   1181  0.00s             1           0  0.09s           2026-08-30T15:47:15
================================================================================
[2026-08-30T15:48:15.894+0000] {manager.py:879} INFO - 
================================================================================
DAG File Processing Stats

File Path                                 PID  Runtime      # DAGs    # Errors  Last Runtime    Last Run
--------------------------------------  -----  ---------  --------  ----------  --------------  -------------------
/opt/airflow/dags/nyc_taxi_pipeline.py   1186  0.00s             1           0  0.10s           2026-08-30T15:47:45
================================================================================
[2026-08-30T15:48:46.042+0000] {manager.py:879} INFO - 
================================================================================
DAG File Processing Stats

File Path                                 PID  Runtime      # DAGs    # Errors  Last Runtime    Last Run
--------------------------------------  -----  ---------  --------  ----------  --------------  -------------------
/opt/airflow/dags/nyc_taxi_pipeline.py   1191  0.00s             1           0  0.10s           2026-08-30T15:48:15
================================================================================
[2026-08-30T15:49:16.227+0000] {manager.py:879} INFO - 
================================================================================
DAG File Processing Stats

File Path                                 PID  Runtime      # DAGs    # Errors  Last Runtime    Last Run
--------------------------------------  -----  ---------  --------  ----------  --------------  -------------------
/opt/airflow/dags/nyc_taxi_pipeline.py   1196  0.00s             1           0  0.09s           2026-08-30T15:48:46
================================================================================
[2026-08-30T15:49:46.380+0000] {manager.py:879} INFO - 
================================================================================
DAG File Processing Stats

File Path                                 PID  Runtime      # DAGs    # Errors  Last Runtime    Last Run
--------------------------------------  -----  ---------  --------  ----------  --------------  -------------------
/opt/airflow/dags/nyc_taxi_pipeline.py   1201  0.00s             1           0  0.09s           2026-08-30T15:49:16
================================================================================
[2026-08-30T15:50:16.564+0000] {manager.py:879} INFO - 
================================================================================
DAG File Processing Stats

File Path                                 PID  Runtime      # DAGs    # Errors  Last Runtime    Last Run
--------------------------------------  -----  ---------  --------  ----------  --------------  -------------------
/opt/airflow/dags/nyc_taxi_pipeline.py   1206  0.00s             1           0  0.09s           2026-08-30T15:49:46
================================================================================
[2026-08-30T15:50:46.716+0000] {manager.py:879} INFO - 
================================================================================
DAG File Processing Stats

File Path                                 PID  Runtime      # DAGs    # Errors  Last Runtime    Last Run
--------------------------------------  -----  ---------  --------  ----------  --------------  -------------------
/opt/airflow/dags/nyc_taxi_pipeline.py   1211  0.00s             1           0  0.09s           2026-08-30T15:50:16
================================================================================
[2026-08-30T15:51:00.811+0000] {manager.py:738} INFO - Searching for files in /opt/airflow/dags
[2026-08-30T15:51:00.827+0000] {manager.py:741} INFO - There are 1 files in /opt/airflow/dags
[2026-08-30T15:51:16.912+0000] {manager.py:879} INFO - 
================================================================================
DAG File Processing Stats

File Path                                 PID  Runtime      # DAGs    # Errors  Last Runtime    Last Run
--------------------------------------  -----  ---------  --------  ----------  --------------  -------------------
/opt/airflow/dags/nyc_taxi_pipeline.py   1216  0.00s             1           0  0.09s           2026-08-30T15:50:46
================================================================================
[2026-08-30T15:51:47.053+0000] {manager.py:879} INFO - 
================================================================================
DAG File Processing Stats

File Path                                 PID  Runtime      # DAGs    # Errors  Last Runtime    Last Run
--------------------------------------  -----  ---------  --------  ----------  --------------  -------------------
/opt/airflow/dags/nyc_taxi_pipeline.py   1221  0.00s             1           0  0.09s           2026-08-30T15:51:17
================================================================================
[2026-08-30T15:52:17.224+0000] {manager.py:879} INFO - 
================================================================================
DAG File Processing Stats

File Path                                 PID  Runtime      # DAGs    # Errors  Last Runtime    Last Run
--------------------------------------  -----  ---------  --------  ----------  --------------  -------------------
/opt/airflow/dags/nyc_taxi_pipeline.py   1226  0.00s             1           0  0.10s           2026-08-30T15:51:47
================================================================================
[2026-08-30T15:52:47.373+0000] {manager.py:879} INFO - 
================================================================================
DAG File Processing Stats

File Path                                 PID  Runtime      # DAGs    # Errors  Last Runtime    Last Run
--------------------------------------  -----  ---------  --------  ----------  --------------  -------------------
/opt/airflow/dags/nyc_taxi_pipeline.py   1231  0.00s             1           0  0.09s           2026-08-30T15:52:17
================================================================================
[2026-08-30T15:53:17.545+0000] {manager.py:879} INFO - 
================================================================================
DAG File Processing Stats

File Path                                 PID  Runtime      # DAGs    # Errors  Last Runtime    Last Run
--------------------------------------  -----  ---------  --------  ----------  --------------  -------------------
/opt/airflow/dags/nyc_taxi_pipeline.py   1236  0.00s             1           0  0.09s           2026-08-30T15:52:47
================================================================================
[2026-08-30T15:53:47.704+0000] {manager.py:879} INFO - 
================================================================================
DAG File Processing Stats

File Path                                 PID  Runtime      # DAGs    # Errors  Last Runtime    Last Run
--------------------------------------  -----  ---------  --------  ----------  --------------  -------------------
/opt/airflow/dags/nyc_taxi_pipeline.py   1241  0.00s             1           0  0.09s           2026-08-30T15:53:17
================================================================================
[2026-08-30T15:54:17.875+0000] {manager.py:879} INFO - 
================================================================================
DAG File Processing Stats

File Path                                 PID  Runtime      # DAGs    # Errors  Last Runtime    Last Run
--------------------------------------  -----  ---------  --------  ----------  --------------  -------------------
/opt/airflow/dags/nyc_taxi_pipeline.py   1246  0.00s             1           0  0.10s           2026-08-30T15:53:47
================================================================================
[2026-08-30T15:54:48.048+0000] {manager.py:879} INFO - 
================================================================================
DAG File Processing Stats

File Path                                 PID  Runtime      # DAGs    # Errors  Last Runtime    Last Run
--------------------------------------  -----  ---------  --------  ----------  --------------  -------------------
/opt/airflow/dags/nyc_taxi_pipeline.py   1251  0.00s             1           0  0.10s           2026-08-30T15:54:17
================================================================================
[2026-08-30T15:55:18.222+0000] {manager.py:879} INFO - 
================================================================================
DAG File Processing Stats

File Path                                 PID  Runtime      # DAGs    # Errors  Last Runtime    Last Run
--------------------------------------  -----  ---------  --------  ----------  --------------  -------------------
/opt/airflow/dags/nyc_taxi_pipeline.py   1256  0.00s             1           0  0.11s           2026-08-30T15:54:48
================================================================================
[2026-08-30T15:55:48.401+0000] {manager.py:879} INFO - 
================================================================================
DAG File Processing Stats

File Path                                 PID  Runtime      # DAGs    # Errors  Last Runtime    Last Run
--------------------------------------  -----  ---------  --------  ----------  --------------  -------------------
/opt/airflow/dags/nyc_taxi_pipeline.py   1261  0.00s             1           0  0.10s           2026-08-30T15:55:18
================================================================================
[2026-08-30T15:56:01.482+0000] {manager.py:738} INFO - Searching for files in /opt/airflow/dags
[2026-08-30T15:56:01.496+0000] {manager.py:741} INFO - There are 1 files in /opt/airflow/dags
[2026-08-30T15:56:18.588+0000] {manager.py:879} INFO - 
================================================================================
DAG File Processing Stats

File Path                                 PID  Runtime      # DAGs    # Errors  Last Runtime    Last Run
--------------------------------------  -----  ---------  --------  ----------  --------------  -------------------
/opt/airflow/dags/nyc_taxi_pipeline.py   1266  0.00s             1           0  0.10s           2026-08-30T15:55:48
================================================================================
[2026-08-30T15:56:48.744+0000] {manager.py:879} INFO - 
================================================================================
DAG File Processing Stats

File Path                                 PID  Runtime      # DAGs    # Errors  Last Runtime    Last Run
--------------------------------------  -----  ---------  --------  ----------  --------------  -------------------
/opt/airflow/dags/nyc_taxi_pipeline.py   1271  0.00s             1           0  0.09s           2026-08-30T15:56:18
================================================================================
[2026-08-30T15:57:18.912+0000] {manager.py:879} INFO - 
================================================================================
DAG File Processing Stats

File Path                                 PID  Runtime      # DAGs    # Errors  Last Runtime    Last Run
--------------------------------------  -----  ---------  --------  ----------  --------------  -------------------
/opt/airflow/dags/nyc_taxi_pipeline.py   1276  0.00s             1           0  0.10s           2026-08-30T15:56:48
================================================================================
[2026-08-30T15:57:49.085+0000] {manager.py:879} INFO - 
================================================================================
DAG File Processing Stats

File Path                                 PID  Runtime      # DAGs    # Errors  Last Runtime    Last Run
--------------------------------------  -----  ---------  --------  ----------  --------------  -------------------
/opt/airflow/dags/nyc_taxi_pipeline.py   1281  0.00s             1           0  0.09s           2026-08-30T15:57:19
================================================================================
[2026-08-30T15:58:19.242+0000] {manager.py:879} INFO - 
================================================================================
DAG File Processing Stats

File Path                                 PID  Runtime      # DAGs    # Errors  Last Runtime    Last Run
--------------------------------------  -----  ---------  --------  ----------  --------------  -------------------
/opt/airflow/dags/nyc_taxi_pipeline.py   1286  0.00s             1           0  0.11s           2026-08-30T15:57:49
================================================================================
[2026-08-30T15:58:49.452+0000] {manager.py:879} INFO - 
================================================================================
DAG File Processing Stats

File Path                                 PID  Runtime      # DAGs    # Errors  Last Runtime    Last Run
--------------------------------------  -----  ---------  --------  ----------  --------------  -------------------
/opt/airflow/dags/nyc_taxi_pipeline.py   1291  0.00s             1           0  0.10s           2026-08-30T15:58:19
================================================================================
[2026-08-30T15:59:19.605+0000] {manager.py:879} INFO - 
================================================================================
DAG File Processing Stats

File Path                                 PID  Runtime      # DAGs    # Errors  Last Runtime    Last Run
--------------------------------------  -----  ---------  --------  ----------  --------------  -------------------
/opt/airflow/dags/nyc_taxi_pipeline.py   1296  0.00s             1           0  0.13s           2026-08-30T15:58:49
================================================================================
[2026-08-30T15:59:49.820+0000] {manager.py:879} INFO - 
================================================================================
DAG File Processing Stats

File Path                                 PID  Runtime      # DAGs    # Errors  Last Runtime    Last Run
--------------------------------------  -----  ---------  --------  ----------  --------------  -------------------
/opt/airflow/dags/nyc_taxi_pipeline.py   1301  0.00s             1           0  0.11s           2026-08-30T15:59:19
================================================================================
[2026-08-30T16:00:19.972+0000] {manager.py:879} INFO - 
================================================================================
DAG File Processing Stats

File Path                                 PID  Runtime      # DAGs    # Errors  Last Runtime    Last Run
--------------------------------------  -----  ---------  --------  ----------  --------------  -------------------
/opt/airflow/dags/nyc_taxi_pipeline.py   1306  0.00s             1           0  0.11s           2026-08-30T15:59:49
================================================================================
[2026-08-30T16:00:50.173+0000] {manager.py:879} INFO - 
================================================================================
DAG File Processing Stats

File Path                                 PID  Runtime      # DAGs    # Errors  Last Runtime    Last Run
--------------------------------------  -----  ---------  --------  ----------  --------------  -------------------
/opt/airflow/dags/nyc_taxi_pipeline.py   1311  0.00s             1           0  0.10s           2026-08-30T16:00:20
================================================================================
[2026-08-30T16:01:02.234+0000] {manager.py:738} INFO - Searching for files in /opt/airflow/dags
[2026-08-30T16:01:02.252+0000] {manager.py:741} INFO - There are 1 files in /opt/airflow/dags
[2026-08-30T16:01:20.355+0000] {manager.py:879} INFO - 
================================================================================
DAG File Processing Stats

File Path                                 PID  Runtime      # DAGs    # Errors  Last Runtime    Last Run
--------------------------------------  -----  ---------  --------  ----------  --------------  -------------------
/opt/airflow/dags/nyc_taxi_pipeline.py   1316  0.00s             1           0  0.12s           2026-08-30T16:00:50
================================================================================
[2026-08-30T16:01:50.537+0000] {manager.py:879} INFO - 
================================================================================
DAG File Processing Stats

File Path                                 PID  Runtime      # DAGs    # Errors  Last Runtime    Last Run
--------------------------------------  -----  ---------  --------  ----------  --------------  -------------------
/opt/airflow/dags/nyc_taxi_pipeline.py   1321  0.00s             1           0  0.12s           2026-08-30T16:01:20
================================================================================
[2026-08-30T16:02:20.742+0000] {manager.py:879} INFO - 
================================================================================
DAG File Processing Stats

File Path                                 PID  Runtime      # DAGs    # Errors  Last Runtime    Last Run
--------------------------------------  -----  ---------  --------  ----------  --------------  -------------------
/opt/airflow/dags/nyc_taxi_pipeline.py   1326  0.00s             1           0  0.10s           2026-08-30T16:01:50
================================================================================
[2026-08-30T16:02:50.888+0000] {manager.py:879} INFO - 
================================================================================
DAG File Processing Stats

File Path                                 PID  Runtime      # DAGs    # Errors  Last Runtime    Last Run
--------------------------------------  -----  ---------  --------  ----------  --------------  -------------------
/opt/airflow/dags/nyc_taxi_pipeline.py   1331  0.00s             1           0  0.13s           2026-08-30T16:02:20
================================================================================
[2026-08-30T16:03:21.121+0000] {manager.py:879} INFO - 
================================================================================
DAG File Processing Stats

File Path                                 PID  Runtime      # DAGs    # Errors  Last Runtime    Last Run
--------------------------------------  -----  ---------  --------  ----------  --------------  -------------------
/opt/airflow/dags/nyc_taxi_pipeline.py   1336  0.00s             1           0  0.12s           2026-08-30T16:02:51
================================================================================
[2026-08-30T16:03:51.278+0000] {manager.py:879} INFO - 
================================================================================
DAG File Processing Stats

File Path                                 PID  Runtime      # DAGs    # Errors  Last Runtime    Last Run
--------------------------------------  -----  ---------  --------  ----------  --------------  -------------------
/opt/airflow/dags/nyc_taxi_pipeline.py   1341  0.00s             1           0  0.12s           2026-08-30T16:03:21
================================================================================
[2026-08-30T16:04:21.484+0000] {manager.py:879} INFO - 
================================================================================
DAG File Processing Stats

File Path                                 PID  Runtime      # DAGs    # Errors  Last Runtime    Last Run
--------------------------------------  -----  ---------  --------  ----------  --------------  -------------------
/opt/airflow/dags/nyc_taxi_pipeline.py   1346  0.00s             1           0  0.12s           2026-08-30T16:03:51
================================================================================
[2026-08-30T16:04:51.640+0000] {manager.py:879} INFO - 
================================================================================
DAG File Processing Stats

File Path                                 PID  Runtime      # DAGs    # Errors  Last Runtime    Last Run
--------------------------------------  -----  ---------  --------  ----------  --------------  -------------------
/opt/airflow/dags/nyc_taxi_pipeline.py   1351  0.00s             1           0  0.10s           2026-08-30T16:04:21
================================================================================
[2026-08-30T16:05:21.834+0000] {manager.py:879} INFO - 
================================================================================
DAG File Processing Stats

File Path                                 PID  Runtime      # DAGs    # Errors  Last Runtime    Last Run
--------------------------------------  -----  ---------  --------  ----------  --------------  -------------------
/opt/airflow/dags/nyc_taxi_pipeline.py   1356  0.00s             1           0  0.11s           2026-08-30T16:04:51
================================================================================
[2026-08-30T16:05:52.324+0000] {manager.py:879} INFO - 
================================================================================
DAG File Processing Stats

File Path                                 PID  Runtime      # DAGs    # Errors  Last Runtime    Last Run
--------------------------------------  -----  ---------  --------  ----------  --------------  -------------------
/opt/airflow/dags/nyc_taxi_pipeline.py   1361  0.17s             1           0  0.11s           2026-08-30T16:05:21
================================================================================
[2026-08-30T16:06:02.438+0000] {manager.py:738} INFO - Searching for files in /opt/airflow/dags
[2026-08-30T16:06:02.471+0000] {manager.py:741} INFO - There are 1 files in /opt/airflow/dags
[2026-08-30T16:06:22.660+0000] {manager.py:879} INFO - 
================================================================================
DAG File Processing Stats

File Path                               PID    Runtime      # DAGs    # Errors  Last Runtime    Last Run
--------------------------------------  -----  ---------  --------  ----------  --------------  -------------------
/opt/airflow/dags/nyc_taxi_pipeline.py                           1           0  0.80s           2026-08-30T16:05:52
================================================================================
[2026-08-30T16:06:52.773+0000] {manager.py:879} INFO - 
================================================================================
DAG File Processing Stats

File Path                               PID    Runtime      # DAGs    # Errors  Last Runtime    Last Run
--------------------------------------  -----  ---------  --------  ----------  --------------  -------------------
/opt/airflow/dags/nyc_taxi_pipeline.py                           1           0  1.24s           2026-08-30T16:06:24
================================================================================
[2026-08-30T16:07:23.112+0000] {manager.py:879} INFO - 
================================================================================
DAG File Processing Stats

File Path                               PID    Runtime      # DAGs    # Errors  Last Runtime    Last Run
--------------------------------------  -----  ---------  --------  ----------  --------------  -------------------
/opt/airflow/dags/nyc_taxi_pipeline.py                           1           0  0.98s           2026-08-30T16:06:55
================================================================================
[2026-08-30T16:07:53.304+0000] {manager.py:879} INFO - 
================================================================================
DAG File Processing Stats

File Path                               PID    Runtime      # DAGs    # Errors  Last Runtime    Last Run
--------------------------------------  -----  ---------  --------  ----------  --------------  -------------------
/opt/airflow/dags/nyc_taxi_pipeline.py                           1           0  0.87s           2026-08-30T16:07:27
================================================================================
[2026-08-30T16:08:23.868+0000] {manager.py:879} INFO - 
================================================================================
DAG File Processing Stats

File Path                               PID    Runtime      # DAGs    # Errors  Last Runtime    Last Run
--------------------------------------  -----  ---------  --------  ----------  --------------  -------------------
/opt/airflow/dags/nyc_taxi_pipeline.py                           1           0  0.60s           2026-08-30T16:07:57
================================================================================
[2026-08-30T16:08:54.097+0000] {manager.py:879} INFO - 
================================================================================
DAG File Processing Stats

File Path                               PID    Runtime      # DAGs    # Errors  Last Runtime    Last Run
--------------------------------------  -----  ---------  --------  ----------  --------------  -------------------
/opt/airflow/dags/nyc_taxi_pipeline.py                           1           0  0.62s           2026-08-30T16:08:28
================================================================================
[2026-08-30T16:09:24.394+0000] {manager.py:879} INFO - 
================================================================================
DAG File Processing Stats

File Path                               PID    Runtime      # DAGs    # Errors  Last Runtime    Last Run
--------------------------------------  -----  ---------  --------  ----------  --------------  -------------------
/opt/airflow/dags/nyc_taxi_pipeline.py                           1           0  0.22s           2026-08-30T16:08:59
================================================================================
[2026-08-30T16:09:54.882+0000] {manager.py:879} INFO - 
================================================================================
DAG File Processing Stats

File Path                               PID    Runtime      # DAGs    # Errors  Last Runtime    Last Run
--------------------------------------  -----  ---------  --------  ----------  --------------  -------------------
/opt/airflow/dags/nyc_taxi_pipeline.py                           1           0  0.63s           2026-08-30T16:09:30
================================================================================
[2026-08-30T16:10:25.215+0000] {manager.py:879} INFO - 
================================================================================
DAG File Processing Stats

File Path                               PID    Runtime      # DAGs    # Errors  Last Runtime    Last Run
--------------------------------------  -----  ---------  --------  ----------  --------------  -------------------
/opt/airflow/dags/nyc_taxi_pipeline.py                           1           0  0.55s           2026-08-30T16:10:01
================================================================================
[2026-08-30T16:10:55.555+0000] {manager.py:879} INFO - 
================================================================================
DAG File Processing Stats

File Path                               PID    Runtime      # DAGs    # Errors  Last Runtime    Last Run
--------------------------------------  -----  ---------  --------  ----------  --------------  -------------------
/opt/airflow/dags/nyc_taxi_pipeline.py                           1           0  0.59s           2026-08-30T16:10:31
================================================================================
[2026-08-30T16:11:02.632+0000] {manager.py:738} INFO - Searching for files in /opt/airflow/dags
[2026-08-30T16:11:02.667+0000] {manager.py:741} INFO - There are 1 files in /opt/airflow/dags
[2026-08-30T16:11:25.994+0000] {manager.py:879} INFO - 
================================================================================
DAG File Processing Stats

File Path                               PID    Runtime      # DAGs    # Errors  Last Runtime    Last Run
--------------------------------------  -----  ---------  --------  ----------  --------------  -------------------
/opt/airflow/dags/nyc_taxi_pipeline.py                           1           0  0.57s           2026-08-30T16:11:02
================================================================================
[2026-08-30T16:11:56.277+0000] {manager.py:879} INFO - 
================================================================================
DAG File Processing Stats

File Path                               PID    Runtime      # DAGs    # Errors  Last Runtime    Last Run
--------------------------------------  -----  ---------  --------  ----------  --------------  -------------------
/opt/airflow/dags/nyc_taxi_pipeline.py                           1           0  0.16s           2026-08-30T16:11:33
================================================================================
[2026-08-30T16:12:26.334+0000] {manager.py:879} INFO - 
================================================================================
DAG File Processing Stats

File Path                               PID    Runtime      # DAGs    # Errors  Last Runtime    Last Run
--------------------------------------  -----  ---------  --------  ----------  --------------  -------------------
/opt/airflow/dags/nyc_taxi_pipeline.py                           1           0  0.67s           2026-08-30T16:12:04
================================================================================
[2026-08-30T16:12:57.097+0000] {manager.py:879} INFO - 
================================================================================
DAG File Processing Stats

File Path                               PID    Runtime      # DAGs    # Errors  Last Runtime    Last Run
--------------------------------------  -----  ---------  --------  ----------  --------------  -------------------
/opt/airflow/dags/nyc_taxi_pipeline.py                           1           0  0.62s           2026-08-30T16:12:35
================================================================================
[2026-08-30T16:13:27.369+0000] {manager.py:879} INFO - 
================================================================================
DAG File Processing Stats

File Path                               PID    Runtime      # DAGs    # Errors  Last Runtime    Last Run
--------------------------------------  -----  ---------  --------  ----------  --------------  -------------------
/opt/airflow/dags/nyc_taxi_pipeline.py                           1           0  0.78s           2026-08-30T16:13:06
================================================================================
[2026-08-30T16:13:57.401+0000] {manager.py:879} INFO - 
================================================================================
DAG File Processing Stats

File Path                               PID    Runtime      # DAGs    # Errors  Last Runtime    Last Run
--------------------------------------  -----  ---------  --------  ----------  --------------  -------------------
/opt/airflow/dags/nyc_taxi_pipeline.py                           1           0  0.72s           2026-08-30T16:13:37
================================================================================
[2026-08-30T16:14:27.740+0000] {manager.py:879} INFO - 
================================================================================
DAG File Processing Stats

File Path                               PID    Runtime      # DAGs    # Errors  Last Runtime    Last Run
--------------------------------------  -----  ---------  --------  ----------  --------------  -------------------
/opt/airflow/dags/nyc_taxi_pipeline.py                           1           0  0.51s           2026-08-30T16:14:08
================================================================================
[2026-08-30T16:14:58.052+0000] {manager.py:879} INFO - 
================================================================================
DAG File Processing Stats

File Path                               PID    Runtime      # DAGs    # Errors  Last Runtime    Last Run
--------------------------------------  -----  ---------  --------  ----------  --------------  -------------------
/opt/airflow/dags/nyc_taxi_pipeline.py                           1           0  0.56s           2026-08-30T16:14:38
================================================================================
[2026-08-30T16:15:28.499+0000] {manager.py:879} INFO - 
================================================================================
DAG File Processing Stats

File Path                               PID    Runtime      # DAGs    # Errors  Last Runtime    Last Run
--------------------------------------  -----  ---------  --------  ----------  --------------  -------------------
/opt/airflow/dags/nyc_taxi_pipeline.py                           1           0  0.40s           2026-08-30T16:15:09
================================================================================
[2026-08-30T16:15:58.692+0000] {manager.py:879} INFO - 
================================================================================
DAG File Processing Stats

File Path                               PID    Runtime      # DAGs    # Errors  Last Runtime    Last Run
--------------------------------------  -----  ---------  --------  ----------  --------------  -------------------
/opt/airflow/dags/nyc_taxi_pipeline.py                           1           0  0.51s           2026-08-30T16:15:40
================================================================================
[2026-08-30T16:16:02.729+0000] {manager.py:738} INFO - Searching for files in /opt/airflow/dags
[2026-08-30T16:16:02.857+0000] {manager.py:741} INFO - There are 1 files in /opt/airflow/dags
[2026-08-30T16:16:28.866+0000] {manager.py:879} INFO - 
================================================================================
DAG File Processing Stats

File Path                               PID    Runtime      # DAGs    # Errors  Last Runtime    Last Run
--------------------------------------  -----  ---------  --------  ----------  --------------  -------------------
/opt/airflow/dags/nyc_taxi_pipeline.py                           1           0  0.61s           2026-08-30T16:16:11
================================================================================
[2026-08-30T16:16:59.265+0000] {manager.py:879} INFO - 
================================================================================
DAG File Processing Stats

File Path                               PID    Runtime      # DAGs    # Errors  Last Runtime    Last Run
--------------------------------------  -----  ---------  --------  ----------  --------------  -------------------
/opt/airflow/dags/nyc_taxi_pipeline.py                           1           0  0.63s           2026-08-30T16:16:42
================================================================================
[2026-08-30T16:17:29.899+0000] {manager.py:879} INFO - 
================================================================================
DAG File Processing Stats

File Path                               PID    Runtime      # DAGs    # Errors  Last Runtime    Last Run
--------------------------------------  -----  ---------  --------  ----------  --------------  -------------------
/opt/airflow/dags/nyc_taxi_pipeline.py                           1           0  0.48s           2026-08-30T16:17:12
================================================================================
