[2026-08-30T14:28:19.864+0000] {processor.py:161} INFO - Started process (PID=177) to work on /opt/airflow/dags/nyc_taxi_pipeline.py
[2026-08-30T14:28:19.867+0000] {processor.py:830} INFO - Processing file /opt/airflow/dags/nyc_taxi_pipeline.py for tasks to queue
[2026-08-30T14:28:19.869+0000] {logging_mixin.py:188} INFO - [2026-08-30T14:28:19.868+0000] {dagbag.py:538} INFO - Filling up the DagBag from /opt/airflow/dags/nyc_taxi_pipeline.py
[2026-08-30T14:28:19.925+0000] {processor.py:840} INFO - DAG(s) 'nyc_taxi_pipeline' retrieved from /opt/airflow/dags/nyc_taxi_pipeline.py
[2026-08-30T14:28:20.310+0000] {logging_mixin.py:188} INFO - [2026-08-30T14:28:20.309+0000] {dag.py:3036} INFO - Sync 1 DAGs
[2026-08-30T14:28:20.353+0000] {logging_mixin.py:188} INFO - [2026-08-30T14:28:20.352+0000] {dag.py:3823} INFO - Setting next_dagrun for nyc_taxi_pipeline to 2026-08-30 00:00:00+00:00, run_after=2026-08-31 00:00:00+00:00
[2026-08-30T14:28:20.385+0000] {processor.py:183} INFO - Processing /opt/airflow/dags/nyc_taxi_pipeline.py took 0.526 seconds
[2026-08-30T14:28:50.538+0000] {processor.py:161} INFO - Started process (PID=182) to work on /opt/airflow/dags/nyc_taxi_pipeline.py
[2026-08-30T14:28:50.539+0000] {processor.py:830} INFO - Processing file /opt/airflow/dags/nyc_taxi_pipeline.py for tasks to queue
[2026-08-30T14:28:50.541+0000] {logging_mixin.py:188} INFO - [2026-08-30T14:28:50.540+0000] {dagbag.py:538} INFO - Filling up the DagBag from /opt/airflow/dags/nyc_taxi_pipeline.py
[2026-08-30T14:28:50.567+0000] {processor.py:840} INFO - DAG(s) 'nyc_taxi_pipeline' retrieved from /opt/airflow/dags/nyc_taxi_pipeline.py
[2026-08-30T14:28:50.591+0000] {logging_mixin.py:188} INFO - [2026-08-30T14:28:50.591+0000] {dag.py:3036} INFO - Sync 1 DAGs
[2026-08-30T14:28:50.612+0000] {logging_mixin.py:188} INFO - [2026-08-30T14:28:50.612+0000] {dag.py:3823} INFO - Setting next_dagrun for nyc_taxi_pipeline to 2026-08-30 00:00:00+00:00, run_after=2026-08-31 00:00:00+00:00
[2026-08-30T14:28:50.638+0000] {processor.py:183} INFO - Processing /opt/airflow/dags/nyc_taxi_pipeline.py took 0.103 seconds
[2026-08-30T14:29:20.683+0000] {processor.py:161} INFO - Started process (PID=187) to work on /opt/airflow/dags/nyc_taxi_pipeline.py
[2026-08-30T14:29:20.684+0000] {processor.py:830} INFO - Processing file /opt/airflow/dags/nyc_taxi_pipeline.py for tasks to queue
[2026-08-30T14:29:20.686+0000] {logging_mixin.py:188} INFO - [2026-08-30T14:29:20.685+0000] {dagbag.py:538} INFO - Filling up the DagBag from /opt/airflow/dags/nyc_taxi_pipeline.py
[2026-08-30T14:29:20.713+0000] {processor.py:840} INFO - DAG(s) 'nyc_taxi_pipeline' retrieved from /opt/airflow/dags/nyc_taxi_pipeline.py
[2026-08-30T14:29:20.742+0000] {logging_mixin.py:188} INFO - [2026-08-30T14:29:20.741+0000] {dag.py:3036} INFO - Sync 1 DAGs
[2026-08-30T14:29:20.768+0000] {logging_mixin.py:188} INFO - [2026-08-30T14:29:20.768+0000] {dag.py:3823} INFO - Setting next_dagrun for nyc_taxi_pipeline to 2026-08-30 00:00:00+00:00, run_after=2026-08-31 00:00:00+00:00
[2026-08-30T14:29:20.795+0000] {processor.py:183} INFO - Processing /opt/airflow/dags/nyc_taxi_pipeline.py took 0.115 seconds
[2026-08-30T14:29:50.911+0000] {processor.py:161} INFO - Started process (PID=192) to work on /opt/airflow/dags/nyc_taxi_pipeline.py
[2026-08-30T14:29:50.912+0000] {processor.py:830} INFO - Processing file /opt/airflow/dags/nyc_taxi_pipeline.py for tasks to queue
[2026-08-30T14:29:50.913+0000] {logging_mixin.py:188} INFO - [2026-08-30T14:29:50.913+0000] {dagbag.py:538} INFO - Filling up the DagBag from /opt/airflow/dags/nyc_taxi_pipeline.py
[2026-08-30T14:29:50.936+0000] {processor.py:840} INFO - DAG(s) 'nyc_taxi_pipeline' retrieved from /opt/airflow/dags/nyc_taxi_pipeline.py
[2026-08-30T14:29:50.964+0000] {logging_mixin.py:188} INFO - [2026-08-30T14:29:50.964+0000] {dag.py:3036} INFO - Sync 1 DAGs
[2026-08-30T14:29:50.987+0000] {logging_mixin.py:188} INFO - [2026-08-30T14:29:50.986+0000] {dag.py:3823} INFO - Setting next_dagrun for nyc_taxi_pipeline to 2026-08-30 00:00:00+00:00, run_after=2026-08-31 00:00:00+00:00
[2026-08-30T14:29:51.009+0000] {processor.py:183} INFO - Processing /opt/airflow/dags/nyc_taxi_pipeline.py took 0.100 seconds
[2026-08-30T14:30:21.063+0000] {processor.py:161} INFO - Started process (PID=197) to work on /opt/airflow/dags/nyc_taxi_pipeline.py
[2026-08-30T14:30:21.065+0000] {processor.py:830} INFO - Processing file /opt/airflow/dags/nyc_taxi_pipeline.py for tasks to queue
[2026-08-30T14:30:21.066+0000] {logging_mixin.py:188} INFO - [2026-08-30T14:30:21.066+0000] {dagbag.py:538} INFO - Filling up the DagBag from /opt/airflow/dags/nyc_taxi_pipeline.py
[2026-08-30T14:30:21.089+0000] {processor.py:840} INFO - DAG(s) 'nyc_taxi_pipeline' retrieved from /opt/airflow/dags/nyc_taxi_pipeline.py
[2026-08-30T14:30:21.114+0000] {logging_mixin.py:188} INFO - [2026-08-30T14:30:21.114+0000] {dag.py:3036} INFO - Sync 1 DAGs
[2026-08-30T14:30:21.133+0000] {logging_mixin.py:188} INFO - [2026-08-30T14:30:21.133+0000] {dag.py:3823} INFO - Setting next_dagrun for nyc_taxi_pipeline to 2026-08-30 00:00:00+00:00, run_after=2026-08-31 00:00:00+00:00
[2026-08-30T14:30:21.156+0000] {processor.py:183} INFO - Processing /opt/airflow/dags/nyc_taxi_pipeline.py took 0.095 seconds
[2026-08-30T14:30:51.295+0000] {processor.py:161} INFO - Started process (PID=376) to work on /opt/airflow/dags/nyc_taxi_pipeline.py
[2026-08-30T14:30:51.296+0000] {processor.py:830} INFO - Processing file /opt/airflow/dags/nyc_taxi_pipeline.py for tasks to queue
[2026-08-30T14:30:51.299+0000] {logging_mixin.py:188} INFO - [2026-08-30T14:30:51.298+0000] {dagbag.py:538} INFO - Filling up the DagBag from /opt/airflow/dags/nyc_taxi_pipeline.py
[2026-08-30T14:30:51.335+0000] {processor.py:840} INFO - DAG(s) 'nyc_taxi_pipeline' retrieved from /opt/airflow/dags/nyc_taxi_pipeline.py
[2026-08-30T14:30:51.381+0000] {logging_mixin.py:188} INFO - [2026-08-30T14:30:51.381+0000] {dag.py:3036} INFO - Sync 1 DAGs
[2026-08-30T14:30:51.418+0000] {logging_mixin.py:188} INFO - [2026-08-30T14:30:51.418+0000] {dag.py:3823} INFO - Setting next_dagrun for nyc_taxi_pipeline to 2026-08-30 00:00:00+00:00, run_after=2026-08-31 00:00:00+00:00
[2026-08-30T14:30:51.453+0000] {processor.py:183} INFO - Processing /opt/airflow/dags/nyc_taxi_pipeline.py took 0.162 seconds
[2026-08-30T14:31:21.602+0000] {processor.py:161} INFO - Started process (PID=425) to work on /opt/airflow/dags/nyc_taxi_pipeline.py
[2026-08-30T14:31:21.604+0000] {processor.py:830} INFO - Processing file /opt/airflow/dags/nyc_taxi_pipeline.py for tasks to queue
[2026-08-30T14:31:21.606+0000] {logging_mixin.py:188} INFO - [2026-08-30T14:31:21.605+0000] {dagbag.py:538} INFO - Filling up the DagBag from /opt/airflow/dags/nyc_taxi_pipeline.py
[2026-08-30T14:31:21.634+0000] {processor.py:840} INFO - DAG(s) 'nyc_taxi_pipeline' retrieved from /opt/airflow/dags/nyc_taxi_pipeline.py
[2026-08-30T14:31:21.660+0000] {logging_mixin.py:188} INFO - [2026-08-30T14:31:21.660+0000] {dag.py:3036} INFO - Sync 1 DAGs
[2026-08-30T14:31:21.683+0000] {logging_mixin.py:188} INFO - [2026-08-30T14:31:21.683+0000] {dag.py:3823} INFO - Setting next_dagrun for nyc_taxi_pipeline to 2026-08-30 00:00:00+00:00, run_after=2026-08-31 00:00:00+00:00
[2026-08-30T14:31:21.708+0000] {processor.py:183} INFO - Processing /opt/airflow/dags/nyc_taxi_pipeline.py took 0.109 seconds
[2026-08-30T14:31:51.850+0000] {processor.py:161} INFO - Started process (PID=644) to work on /opt/airflow/dags/nyc_taxi_pipeline.py
[2026-08-30T14:31:51.851+0000] {processor.py:830} INFO - Processing file /opt/airflow/dags/nyc_taxi_pipeline.py for tasks to queue
[2026-08-30T14:31:51.852+0000] {logging_mixin.py:188} INFO - [2026-08-30T14:31:51.852+0000] {dagbag.py:538} INFO - Filling up the DagBag from /opt/airflow/dags/nyc_taxi_pipeline.py
[2026-08-30T14:31:51.873+0000] {processor.py:840} INFO - DAG(s) 'nyc_taxi_pipeline' retrieved from /opt/airflow/dags/nyc_taxi_pipeline.py
[2026-08-30T14:31:51.896+0000] {logging_mixin.py:188} INFO - [2026-08-30T14:31:51.896+0000] {dag.py:3036} INFO - Sync 1 DAGs
[2026-08-30T14:31:51.915+0000] {logging_mixin.py:188} INFO - [2026-08-30T14:31:51.914+0000] {dag.py:3823} INFO - Setting next_dagrun for nyc_taxi_pipeline to 2026-08-30 00:00:00+00:00, run_after=2026-08-31 00:00:00+00:00
[2026-08-30T14:31:51.939+0000] {processor.py:183} INFO - Processing /opt/airflow/dags/nyc_taxi_pipeline.py took 0.092 seconds
[2026-08-30T14:32:21.993+0000] {processor.py:161} INFO - Started process (PID=859) to work on /opt/airflow/dags/nyc_taxi_pipeline.py
[2026-08-30T14:32:21.994+0000] {processor.py:830} INFO - Processing file /opt/airflow/dags/nyc_taxi_pipeline.py for tasks to queue
[2026-08-30T14:32:21.996+0000] {logging_mixin.py:188} INFO - [2026-08-30T14:32:21.995+0000] {dagbag.py:538} INFO - Filling up the DagBag from /opt/airflow/dags/nyc_taxi_pipeline.py
[2026-08-30T14:32:22.021+0000] {processor.py:840} INFO - DAG(s) 'nyc_taxi_pipeline' retrieved from /opt/airflow/dags/nyc_taxi_pipeline.py
[2026-08-30T14:32:22.045+0000] {logging_mixin.py:188} INFO - [2026-08-30T14:32:22.045+0000] {dag.py:3036} INFO - Sync 1 DAGs
[2026-08-30T14:32:22.065+0000] {logging_mixin.py:188} INFO - [2026-08-30T14:32:22.064+0000] {dag.py:3823} INFO - Setting next_dagrun for nyc_taxi_pipeline to 2026-08-30 00:00:00+00:00, run_after=2026-08-31 00:00:00+00:00
[2026-08-30T14:32:22.087+0000] {processor.py:183} INFO - Processing /opt/airflow/dags/nyc_taxi_pipeline.py took 0.097 seconds
[2026-08-30T14:32:52.231+0000] {processor.py:161} INFO - Started process (PID=1079) to work on /opt/airflow/dags/nyc_taxi_pipeline.py
[2026-08-30T14:32:52.233+0000] {processor.py:830} INFO - Processing file /opt/airflow/dags/nyc_taxi_pipeline.py for tasks to queue
[2026-08-30T14:32:52.235+0000] {logging_mixin.py:188} INFO - [2026-08-30T14:32:52.235+0000] {dagbag.py:538} INFO - Filling up the DagBag from /opt/airflow/dags/nyc_taxi_pipeline.py
[2026-08-30T14:32:52.273+0000] {processor.py:840} INFO - DAG(s) 'nyc_taxi_pipeline' retrieved from /opt/airflow/dags/nyc_taxi_pipeline.py
[2026-08-30T14:32:52.310+0000] {logging_mixin.py:188} INFO - [2026-08-30T14:32:52.310+0000] {dag.py:3036} INFO - Sync 1 DAGs
[2026-08-30T14:32:52.335+0000] {logging_mixin.py:188} INFO - [2026-08-30T14:32:52.335+0000] {dag.py:3823} INFO - Setting next_dagrun for nyc_taxi_pipeline to 2026-08-30 00:00:00+00:00, run_after=2026-08-31 00:00:00+00:00
[2026-08-30T14:32:52.358+0000] {processor.py:183} INFO - Processing /opt/airflow/dags/nyc_taxi_pipeline.py took 0.131 seconds
[2026-08-30T14:33:22.425+0000] {processor.py:161} INFO - Started process (PID=1084) to work on /opt/airflow/dags/nyc_taxi_pipeline.py
[2026-08-30T14:33:22.426+0000] {processor.py:830} INFO - Processing file /opt/airflow/dags/nyc_taxi_pipeline.py for tasks to queue
[2026-08-30T14:33:22.428+0000] {logging_mixin.py:188} INFO - [2026-08-30T14:33:22.427+0000] {dagbag.py:538} INFO - Filling up the DagBag from /opt/airflow/dags/nyc_taxi_pipeline.py
[2026-08-30T14:33:22.449+0000] {processor.py:840} INFO - DAG(s) 'nyc_taxi_pipeline' retrieved from /opt/airflow/dags/nyc_taxi_pipeline.py
[2026-08-30T14:33:22.475+0000] {logging_mixin.py:188} INFO - [2026-08-30T14:33:22.475+0000] {dag.py:3036} INFO - Sync 1 DAGs
[2026-08-30T14:33:22.493+0000] {logging_mixin.py:188} INFO - [2026-08-30T14:33:22.493+0000] {dag.py:3823} INFO - Setting next_dagrun for nyc_taxi_pipeline to 2026-08-30 00:00:00+00:00, run_after=2026-08-31 00:00:00+00:00
[2026-08-30T14:33:22.510+0000] {processor.py:183} INFO - Processing /opt/airflow/dags/nyc_taxi_pipeline.py took 0.088 seconds
[2026-08-30T14:33:52.637+0000] {processor.py:161} INFO - Started process (PID=1089) to work on /opt/airflow/dags/nyc_taxi_pipeline.py
[2026-08-30T14:33:52.638+0000] {processor.py:830} INFO - Processing file /opt/airflow/dags/nyc_taxi_pipeline.py for tasks to queue
[2026-08-30T14:33:52.640+0000] {logging_mixin.py:188} INFO - [2026-08-30T14:33:52.639+0000] {dagbag.py:538} INFO - Filling up the DagBag from /opt/airflow/dags/nyc_taxi_pipeline.py
[2026-08-30T14:33:52.679+0000] {processor.py:840} INFO - DAG(s) 'nyc_taxi_pipeline' retrieved from /opt/airflow/dags/nyc_taxi_pipeline.py
[2026-08-30T14:33:52.712+0000] {logging_mixin.py:188} INFO - [2026-08-30T14:33:52.711+0000] {dag.py:3036} INFO - Sync 1 DAGs
[2026-08-30T14:33:52.732+0000] {logging_mixin.py:188} INFO - [2026-08-30T14:33:52.732+0000] {dag.py:3823} INFO - Setting next_dagrun for nyc_taxi_pipeline to 2026-08-30 00:00:00+00:00, run_after=2026-08-31 00:00:00+00:00
[2026-08-30T14:33:52.751+0000] {processor.py:183} INFO - Processing /opt/airflow/dags/nyc_taxi_pipeline.py took 0.116 seconds
[2026-08-30T14:34:22.889+0000] {processor.py:161} INFO - Started process (PID=1094) to work on /opt/airflow/dags/nyc_taxi_pipeline.py
[2026-08-30T14:34:22.890+0000] {processor.py:830} INFO - Processing file /opt/airflow/dags/nyc_taxi_pipeline.py for tasks to queue
[2026-08-30T14:34:22.891+0000] {logging_mixin.py:188} INFO - [2026-08-30T14:34:22.891+0000] {dagbag.py:538} INFO - Filling up the DagBag from /opt/airflow/dags/nyc_taxi_pipeline.py
[2026-08-30T14:34:22.909+0000] {processor.py:840} INFO - DAG(s) 'nyc_taxi_pipeline' retrieved from /opt/airflow/dags/nyc_taxi_pipeline.py
[2026-08-30T14:34:22.929+0000] {logging_mixin.py:188} INFO - [2026-08-30T14:34:22.929+0000] {dag.py:3036} INFO - Sync 1 DAGs
[2026-08-30T14:34:22.946+0000] {logging_mixin.py:188} INFO - [2026-08-30T14:34:22.945+0000] {dag.py:3823} INFO - Setting next_dagrun for nyc_taxi_pipeline to 2026-08-30 00:00:00+00:00, run_after=2026-08-31 00:00:00+00:00
[2026-08-30T14:34:22.960+0000] {processor.py:183} INFO - Processing /opt/airflow/dags/nyc_taxi_pipeline.py took 0.074 seconds
[2026-08-30T14:34:53.021+0000] {processor.py:161} INFO - Started process (PID=1099) to work on /opt/airflow/dags/nyc_taxi_pipeline.py
[2026-08-30T14:34:53.022+0000] {processor.py:830} INFO - Processing file /opt/airflow/dags/nyc_taxi_pipeline.py for tasks to queue
[2026-08-30T14:34:53.023+0000] {logging_mixin.py:188} INFO - [2026-08-30T14:34:53.023+0000] {dagbag.py:538} INFO - Filling up the DagBag from /opt/airflow/dags/nyc_taxi_pipeline.py
[2026-08-30T14:34:53.043+0000] {processor.py:840} INFO - DAG(s) 'nyc_taxi_pipeline' retrieved from /opt/airflow/dags/nyc_taxi_pipeline.py
[2026-08-30T14:34:53.064+0000] {logging_mixin.py:188} INFO - [2026-08-30T14:34:53.064+0000] {dag.py:3036} INFO - Sync 1 DAGs
[2026-08-30T14:34:53.080+0000] {logging_mixin.py:188} INFO - [2026-08-30T14:34:53.080+0000] {dag.py:3823} INFO - Setting next_dagrun for nyc_taxi_pipeline to 2026-08-30 00:00:00+00:00, run_after=2026-08-31 00:00:00+00:00
[2026-08-30T14:34:53.096+0000] {processor.py:183} INFO - Processing /opt/airflow/dags/nyc_taxi_pipeline.py took 0.078 seconds
[2026-08-30T14:35:23.220+0000] {processor.py:161} INFO - Started process (PID=1104) to work on /opt/airflow/dags/nyc_taxi_pipeline.py
[2026-08-30T14:35:23.221+0000] {processor.py:830} INFO - Processing file /opt/airflow/dags/nyc_taxi_pipeline.py for tasks to queue
[2026-08-30T14:35:23.223+0000] {logging_mixin.py:188} INFO - [2026-08-30T14:35:23.222+0000] {dagbag.py:538} INFO - Filling up the DagBag from /opt/airflow/dags/nyc_taxi_pipeline.py
[2026-08-30T14:35:23.248+0000] {processor.py:840} INFO - DAG(s) 'nyc_taxi_pipeline' retrieved from /opt/airflow/dags/nyc_taxi_pipeline.py
[2026-08-30T14:35:23.274+0000] {logging_mixin.py:188} INFO - [2026-08-30T14:35:23.274+0000] {dag.py:3036} INFO - Sync 1 DAGs
[2026-08-30T14:35:23.295+0000] {logging_mixin.py:188} INFO - [2026-08-30T14:35:23.295+0000] {dag.py:3823} INFO - Setting next_dagrun for nyc_taxi_pipeline to 2026-08-30 00:00:00+00:00, run_after=2026-08-31 00:00:00+00:00
[2026-08-30T14:35:23.315+0000] {processor.py:183} INFO - Processing /opt/airflow/dags/nyc_taxi_pipeline.py took 0.098 seconds
[2026-08-30T14:35:51.006+0000] {processor.py:161} INFO - Started process (PID=176) to work on /opt/airflow/dags/nyc_taxi_pipeline.py
[2026-08-30T14:35:51.007+0000] {processor.py:830} INFO - Processing file /opt/airflow/dags/nyc_taxi_pipeline.py for tasks to queue
[2026-08-30T14:35:51.010+0000] {logging_mixin.py:188} INFO - [2026-08-30T14:35:51.009+0000] {dagbag.py:538} INFO - Filling up the DagBag from /opt/airflow/dags/nyc_taxi_pipeline.py
[2026-08-30T14:35:51.047+0000] {processor.py:840} INFO - DAG(s) 'nyc_taxi_pipeline' retrieved from /opt/airflow/dags/nyc_taxi_pipeline.py
[2026-08-30T14:35:51.256+0000] {logging_mixin.py:188} INFO - [2026-08-30T14:35:51.255+0000] {dag.py:3036} INFO - Sync 1 DAGs
[2026-08-30T14:35:51.275+0000] {logging_mixin.py:188} INFO - [2026-08-30T14:35:51.275+0000] {dag.py:3823} INFO - Setting next_dagrun for nyc_taxi_pipeline to 2026-08-30 00:00:00+00:00, run_after=2026-08-31 00:00:00+00:00
[2026-08-30T14:35:51.299+0000] {processor.py:183} INFO - Processing /opt/airflow/dags/nyc_taxi_pipeline.py took 0.298 seconds
[2026-08-30T14:36:21.446+0000] {processor.py:161} INFO - Started process (PID=181) to work on /opt/airflow/dags/nyc_taxi_pipeline.py
[2026-08-30T14:36:21.447+0000] {processor.py:830} INFO - Processing file /opt/airflow/dags/nyc_taxi_pipeline.py for tasks to queue
[2026-08-30T14:36:21.448+0000] {logging_mixin.py:188} INFO - [2026-08-30T14:36:21.448+0000] {dagbag.py:538} INFO - Filling up the DagBag from /opt/airflow/dags/nyc_taxi_pipeline.py
[2026-08-30T14:36:21.470+0000] {processor.py:840} INFO - DAG(s) 'nyc_taxi_pipeline' retrieved from /opt/airflow/dags/nyc_taxi_pipeline.py
[2026-08-30T14:36:21.496+0000] {logging_mixin.py:188} INFO - [2026-08-30T14:36:21.496+0000] {dag.py:3036} INFO - Sync 1 DAGs
[2026-08-30T14:36:21.520+0000] {logging_mixin.py:188} INFO - [2026-08-30T14:36:21.519+0000] {dag.py:3823} INFO - Setting next_dagrun for nyc_taxi_pipeline to 2026-08-30 00:00:00+00:00, run_after=2026-08-31 00:00:00+00:00
[2026-08-30T14:36:21.546+0000] {processor.py:183} INFO - Processing /opt/airflow/dags/nyc_taxi_pipeline.py took 0.103 seconds
[2026-08-30T14:36:51.592+0000] {processor.py:161} INFO - Started process (PID=186) to work on /opt/airflow/dags/nyc_taxi_pipeline.py
[2026-08-30T14:36:51.594+0000] {processor.py:830} INFO - Processing file /opt/airflow/dags/nyc_taxi_pipeline.py for tasks to queue
[2026-08-30T14:36:51.595+0000] {logging_mixin.py:188} INFO - [2026-08-30T14:36:51.595+0000] {dagbag.py:538} INFO - Filling up the DagBag from /opt/airflow/dags/nyc_taxi_pipeline.py
[2026-08-30T14:36:51.620+0000] {processor.py:840} INFO - DAG(s) 'nyc_taxi_pipeline' retrieved from /opt/airflow/dags/nyc_taxi_pipeline.py
[2026-08-30T14:36:51.648+0000] {logging_mixin.py:188} INFO - [2026-08-30T14:36:51.648+0000] {dag.py:3036} INFO - Sync 1 DAGs
[2026-08-30T14:36:51.670+0000] {logging_mixin.py:188} INFO - [2026-08-30T14:36:51.670+0000] {dag.py:3823} INFO - Setting next_dagrun for nyc_taxi_pipeline to 2026-08-30 00:00:00+00:00, run_after=2026-08-31 00:00:00+00:00
[2026-08-30T14:36:51.693+0000] {processor.py:183} INFO - Processing /opt/airflow/dags/nyc_taxi_pipeline.py took 0.104 seconds
[2026-08-30T14:37:21.829+0000] {processor.py:161} INFO - Started process (PID=191) to work on /opt/airflow/dags/nyc_taxi_pipeline.py
[2026-08-30T14:37:21.830+0000] {processor.py:830} INFO - Processing file /opt/airflow/dags/nyc_taxi_pipeline.py for tasks to queue
[2026-08-30T14:37:21.832+0000] {logging_mixin.py:188} INFO - [2026-08-30T14:37:21.831+0000] {dagbag.py:538} INFO - Filling up the DagBag from /opt/airflow/dags/nyc_taxi_pipeline.py
[2026-08-30T14:37:21.850+0000] {processor.py:840} INFO - DAG(s) 'nyc_taxi_pipeline' retrieved from /opt/airflow/dags/nyc_taxi_pipeline.py
[2026-08-30T14:37:21.872+0000] {logging_mixin.py:188} INFO - [2026-08-30T14:37:21.872+0000] {dag.py:3036} INFO - Sync 1 DAGs
[2026-08-30T14:37:21.890+0000] {logging_mixin.py:188} INFO - [2026-08-30T14:37:21.890+0000] {dag.py:3823} INFO - Setting next_dagrun for nyc_taxi_pipeline to 2026-08-30 00:00:00+00:00, run_after=2026-08-31 00:00:00+00:00
[2026-08-30T14:37:21.912+0000] {processor.py:183} INFO - Processing /opt/airflow/dags/nyc_taxi_pipeline.py took 0.085 seconds
[2026-08-30T14:37:51.982+0000] {processor.py:161} INFO - Started process (PID=196) to work on /opt/airflow/dags/nyc_taxi_pipeline.py
[2026-08-30T14:37:51.983+0000] {processor.py:830} INFO - Processing file /opt/airflow/dags/nyc_taxi_pipeline.py for tasks to queue
[2026-08-30T14:37:51.984+0000] {logging_mixin.py:188} INFO - [2026-08-30T14:37:51.984+0000] {dagbag.py:538} INFO - Filling up the DagBag from /opt/airflow/dags/nyc_taxi_pipeline.py
[2026-08-30T14:37:52.002+0000] {processor.py:840} INFO - DAG(s) 'nyc_taxi_pipeline' retrieved from /opt/airflow/dags/nyc_taxi_pipeline.py
[2026-08-30T14:37:52.025+0000] {logging_mixin.py:188} INFO - [2026-08-30T14:37:52.025+0000] {dag.py:3036} INFO - Sync 1 DAGs
[2026-08-30T14:37:52.043+0000] {logging_mixin.py:188} INFO - [2026-08-30T14:37:52.043+0000] {dag.py:3823} INFO - Setting next_dagrun for nyc_taxi_pipeline to 2026-08-30 00:00:00+00:00, run_after=2026-08-31 00:00:00+00:00
[2026-08-30T14:37:52.063+0000] {processor.py:183} INFO - Processing /opt/airflow/dags/nyc_taxi_pipeline.py took 0.082 seconds
[2026-08-30T14:38:22.186+0000] {processor.py:161} INFO - Started process (PID=201) to work on /opt/airflow/dags/nyc_taxi_pipeline.py
[2026-08-30T14:38:22.187+0000] {processor.py:830} INFO - Processing file /opt/airflow/dags/nyc_taxi_pipeline.py for tasks to queue
[2026-08-30T14:38:22.188+0000] {logging_mixin.py:188} INFO - [2026-08-30T14:38:22.188+0000] {dagbag.py:538} INFO - Filling up the DagBag from /opt/airflow/dags/nyc_taxi_pipeline.py
[2026-08-30T14:38:22.207+0000] {processor.py:840} INFO - DAG(s) 'nyc_taxi_pipeline' retrieved from /opt/airflow/dags/nyc_taxi_pipeline.py
[2026-08-30T14:38:22.228+0000] {logging_mixin.py:188} INFO - [2026-08-30T14:38:22.228+0000] {dag.py:3036} INFO - Sync 1 DAGs
[2026-08-30T14:38:22.243+0000] {logging_mixin.py:188} INFO - [2026-08-30T14:38:22.243+0000] {dag.py:3823} INFO - Setting next_dagrun for nyc_taxi_pipeline to 2026-08-30 00:00:00+00:00, run_after=2026-08-31 00:00:00+00:00
[2026-08-30T14:38:22.260+0000] {processor.py:183} INFO - Processing /opt/airflow/dags/nyc_taxi_pipeline.py took 0.076 seconds
[2026-08-30T14:38:52.332+0000] {processor.py:161} INFO - Started process (PID=206) to work on /opt/airflow/dags/nyc_taxi_pipeline.py
[2026-08-30T14:38:52.333+0000] {processor.py:830} INFO - Processing file /opt/airflow/dags/nyc_taxi_pipeline.py for tasks to queue
[2026-08-30T14:38:52.335+0000] {logging_mixin.py:188} INFO - [2026-08-30T14:38:52.334+0000] {dagbag.py:538} INFO - Filling up the DagBag from /opt/airflow/dags/nyc_taxi_pipeline.py
[2026-08-30T14:38:52.353+0000] {processor.py:840} INFO - DAG(s) 'nyc_taxi_pipeline' retrieved from /opt/airflow/dags/nyc_taxi_pipeline.py
[2026-08-30T14:38:52.373+0000] {logging_mixin.py:188} INFO - [2026-08-30T14:38:52.373+0000] {dag.py:3036} INFO - Sync 1 DAGs
[2026-08-30T14:38:52.388+0000] {logging_mixin.py:188} INFO - [2026-08-30T14:38:52.388+0000] {dag.py:3823} INFO - Setting next_dagrun for nyc_taxi_pipeline to 2026-08-30 00:00:00+00:00, run_after=2026-08-31 00:00:00+00:00
[2026-08-30T14:38:52.410+0000] {processor.py:183} INFO - Processing /opt/airflow/dags/nyc_taxi_pipeline.py took 0.080 seconds
[2026-08-30T14:39:22.512+0000] {processor.py:161} INFO - Started process (PID=211) to work on /opt/airflow/dags/nyc_taxi_pipeline.py
[2026-08-30T14:39:22.513+0000] {processor.py:830} INFO - Processing file /opt/airflow/dags/nyc_taxi_pipeline.py for tasks to queue
[2026-08-30T14:39:22.514+0000] {logging_mixin.py:188} INFO - [2026-08-30T14:39:22.514+0000] {dagbag.py:538} INFO - Filling up the DagBag from /opt/airflow/dags/nyc_taxi_pipeline.py
[2026-08-30T14:39:22.532+0000] {processor.py:840} INFO - DAG(s) 'nyc_taxi_pipeline' retrieved from /opt/airflow/dags/nyc_taxi_pipeline.py
[2026-08-30T14:39:22.551+0000] {logging_mixin.py:188} INFO - [2026-08-30T14:39:22.551+0000] {dag.py:3036} INFO - Sync 1 DAGs
[2026-08-30T14:39:22.568+0000] {logging_mixin.py:188} INFO - [2026-08-30T14:39:22.568+0000] {dag.py:3823} INFO - Setting next_dagrun for nyc_taxi_pipeline to 2026-08-30 00:00:00+00:00, run_after=2026-08-31 00:00:00+00:00
[2026-08-30T14:39:22.589+0000] {processor.py:183} INFO - Processing /opt/airflow/dags/nyc_taxi_pipeline.py took 0.080 seconds
[2026-08-30T14:39:52.663+0000] {processor.py:161} INFO - Started process (PID=216) to work on /opt/airflow/dags/nyc_taxi_pipeline.py
[2026-08-30T14:39:52.664+0000] {processor.py:830} INFO - Processing file /opt/airflow/dags/nyc_taxi_pipeline.py for tasks to queue
[2026-08-30T14:39:52.665+0000] {logging_mixin.py:188} INFO - [2026-08-30T14:39:52.665+0000] {dagbag.py:538} INFO - Filling up the DagBag from /opt/airflow/dags/nyc_taxi_pipeline.py
[2026-08-30T14:39:52.685+0000] {processor.py:840} INFO - DAG(s) 'nyc_taxi_pipeline' retrieved from /opt/airflow/dags/nyc_taxi_pipeline.py
[2026-08-30T14:39:52.706+0000] {logging_mixin.py:188} INFO - [2026-08-30T14:39:52.706+0000] {dag.py:3036} INFO - Sync 1 DAGs
[2026-08-30T14:39:52.724+0000] {logging_mixin.py:188} INFO - [2026-08-30T14:39:52.724+0000] {dag.py:3823} INFO - Setting next_dagrun for nyc_taxi_pipeline to 2026-08-30 00:00:00+00:00, run_after=2026-08-31 00:00:00+00:00
[2026-08-30T14:39:52.741+0000] {processor.py:183} INFO - Processing /opt/airflow/dags/nyc_taxi_pipeline.py took 0.080 seconds
[2026-08-30T14:40:22.832+0000] {processor.py:161} INFO - Started process (PID=221) to work on /opt/airflow/dags/nyc_taxi_pipeline.py
[2026-08-30T14:40:22.833+0000] {processor.py:830} INFO - Processing file /opt/airflow/dags/nyc_taxi_pipeline.py for tasks to queue
[2026-08-30T14:40:22.834+0000] {logging_mixin.py:188} INFO - [2026-08-30T14:40:22.834+0000] {dagbag.py:538} INFO - Filling up the DagBag from /opt/airflow/dags/nyc_taxi_pipeline.py
[2026-08-30T14:40:22.853+0000] {processor.py:840} INFO - DAG(s) 'nyc_taxi_pipeline' retrieved from /opt/airflow/dags/nyc_taxi_pipeline.py
[2026-08-30T14:40:22.873+0000] {logging_mixin.py:188} INFO - [2026-08-30T14:40:22.873+0000] {dag.py:3036} INFO - Sync 1 DAGs
[2026-08-30T14:40:22.889+0000] {logging_mixin.py:188} INFO - [2026-08-30T14:40:22.889+0000] {dag.py:3823} INFO - Setting next_dagrun for nyc_taxi_pipeline to 2026-08-30 00:00:00+00:00, run_after=2026-08-31 00:00:00+00:00
[2026-08-30T14:40:22.904+0000] {processor.py:183} INFO - Processing /opt/airflow/dags/nyc_taxi_pipeline.py took 0.074 seconds
[2026-08-30T14:40:53.022+0000] {processor.py:161} INFO - Started process (PID=226) to work on /opt/airflow/dags/nyc_taxi_pipeline.py
[2026-08-30T14:40:53.023+0000] {processor.py:830} INFO - Processing file /opt/airflow/dags/nyc_taxi_pipeline.py for tasks to queue
[2026-08-30T14:40:53.024+0000] {logging_mixin.py:188} INFO - [2026-08-30T14:40:53.024+0000] {dagbag.py:538} INFO - Filling up the DagBag from /opt/airflow/dags/nyc_taxi_pipeline.py
[2026-08-30T14:40:53.045+0000] {processor.py:840} INFO - DAG(s) 'nyc_taxi_pipeline' retrieved from /opt/airflow/dags/nyc_taxi_pipeline.py
[2026-08-30T14:40:53.069+0000] {logging_mixin.py:188} INFO - [2026-08-30T14:40:53.068+0000] {dag.py:3036} INFO - Sync 1 DAGs
[2026-08-30T14:40:53.086+0000] {logging_mixin.py:188} INFO - [2026-08-30T14:40:53.086+0000] {dag.py:3823} INFO - Setting next_dagrun for nyc_taxi_pipeline to 2026-08-30 00:00:00+00:00, run_after=2026-08-31 00:00:00+00:00
[2026-08-30T14:40:53.105+0000] {processor.py:183} INFO - Processing /opt/airflow/dags/nyc_taxi_pipeline.py took 0.085 seconds
[2026-08-30T14:41:23.176+0000] {processor.py:161} INFO - Started process (PID=231) to work on /opt/airflow/dags/nyc_taxi_pipeline.py
[2026-08-30T14:41:23.177+0000] {processor.py:830} INFO - Processing file /opt/airflow/dags/nyc_taxi_pipeline.py for tasks to queue
[2026-08-30T14:41:23.179+0000] {logging_mixin.py:188} INFO - [2026-08-30T14:41:23.179+0000] {dagbag.py:538} INFO - Filling up the DagBag from /opt/airflow/dags/nyc_taxi_pipeline.py
[2026-08-30T14:41:23.199+0000] {processor.py:840} INFO - DAG(s) 'nyc_taxi_pipeline' retrieved from /opt/airflow/dags/nyc_taxi_pipeline.py
[2026-08-30T14:41:23.219+0000] {logging_mixin.py:188} INFO - [2026-08-30T14:41:23.219+0000] {dag.py:3036} INFO - Sync 1 DAGs
[2026-08-30T14:41:23.234+0000] {logging_mixin.py:188} INFO - [2026-08-30T14:41:23.234+0000] {dag.py:3823} INFO - Setting next_dagrun for nyc_taxi_pipeline to 2026-08-30 00:00:00+00:00, run_after=2026-08-31 00:00:00+00:00
[2026-08-30T14:41:23.254+0000] {processor.py:183} INFO - Processing /opt/airflow/dags/nyc_taxi_pipeline.py took 0.080 seconds
[2026-08-30T14:41:53.371+0000] {processor.py:161} INFO - Started process (PID=236) to work on /opt/airflow/dags/nyc_taxi_pipeline.py
[2026-08-30T14:41:53.372+0000] {processor.py:830} INFO - Processing file /opt/airflow/dags/nyc_taxi_pipeline.py for tasks to queue
[2026-08-30T14:41:53.373+0000] {logging_mixin.py:188} INFO - [2026-08-30T14:41:53.373+0000] {dagbag.py:538} INFO - Filling up the DagBag from /opt/airflow/dags/nyc_taxi_pipeline.py
[2026-08-30T14:41:53.392+0000] {processor.py:840} INFO - DAG(s) 'nyc_taxi_pipeline' retrieved from /opt/airflow/dags/nyc_taxi_pipeline.py
[2026-08-30T14:41:53.411+0000] {logging_mixin.py:188} INFO - [2026-08-30T14:41:53.411+0000] {dag.py:3036} INFO - Sync 1 DAGs
[2026-08-30T14:41:53.426+0000] {logging_mixin.py:188} INFO - [2026-08-30T14:41:53.426+0000] {dag.py:3823} INFO - Setting next_dagrun for nyc_taxi_pipeline to 2026-08-30 00:00:00+00:00, run_after=2026-08-31 00:00:00+00:00
[2026-08-30T14:41:53.444+0000] {processor.py:183} INFO - Processing /opt/airflow/dags/nyc_taxi_pipeline.py took 0.075 seconds
[2026-08-30T14:42:23.526+0000] {processor.py:161} INFO - Started process (PID=241) to work on /opt/airflow/dags/nyc_taxi_pipeline.py
[2026-08-30T14:42:23.527+0000] {processor.py:830} INFO - Processing file /opt/airflow/dags/nyc_taxi_pipeline.py for tasks to queue
[2026-08-30T14:42:23.528+0000] {logging_mixin.py:188} INFO - [2026-08-30T14:42:23.528+0000] {dagbag.py:538} INFO - Filling up the DagBag from /opt/airflow/dags/nyc_taxi_pipeline.py
[2026-08-30T14:42:23.547+0000] {processor.py:840} INFO - DAG(s) 'nyc_taxi_pipeline' retrieved from /opt/airflow/dags/nyc_taxi_pipeline.py
[2026-08-30T14:42:23.566+0000] {logging_mixin.py:188} INFO - [2026-08-30T14:42:23.566+0000] {dag.py:3036} INFO - Sync 1 DAGs
[2026-08-30T14:42:23.583+0000] {logging_mixin.py:188} INFO - [2026-08-30T14:42:23.583+0000] {dag.py:3823} INFO - Setting next_dagrun for nyc_taxi_pipeline to 2026-08-30 00:00:00+00:00, run_after=2026-08-31 00:00:00+00:00
[2026-08-30T14:42:23.602+0000] {processor.py:183} INFO - Processing /opt/airflow/dags/nyc_taxi_pipeline.py took 0.078 seconds
[2026-08-30T14:42:53.702+0000] {processor.py:161} INFO - Started process (PID=246) to work on /opt/airflow/dags/nyc_taxi_pipeline.py
[2026-08-30T14:42:53.703+0000] {processor.py:830} INFO - Processing file /opt/airflow/dags/nyc_taxi_pipeline.py for tasks to queue
[2026-08-30T14:42:53.704+0000] {logging_mixin.py:188} INFO - [2026-08-30T14:42:53.704+0000] {dagbag.py:538} INFO - Filling up the DagBag from /opt/airflow/dags/nyc_taxi_pipeline.py
[2026-08-30T14:42:53.724+0000] {processor.py:840} INFO - DAG(s) 'nyc_taxi_pipeline' retrieved from /opt/airflow/dags/nyc_taxi_pipeline.py
[2026-08-30T14:42:53.746+0000] {logging_mixin.py:188} INFO - [2026-08-30T14:42:53.746+0000] {dag.py:3036} INFO - Sync 1 DAGs
[2026-08-30T14:42:53.763+0000] {logging_mixin.py:188} INFO - [2026-08-30T14:42:53.763+0000] {dag.py:3823} INFO - Setting next_dagrun for nyc_taxi_pipeline to 2026-08-30 00:00:00+00:00, run_after=2026-08-31 00:00:00+00:00
[2026-08-30T14:42:53.785+0000] {processor.py:183} INFO - Processing /opt/airflow/dags/nyc_taxi_pipeline.py took 0.085 seconds
[2026-08-30T14:43:23.861+0000] {processor.py:161} INFO - Started process (PID=251) to work on /opt/airflow/dags/nyc_taxi_pipeline.py
[2026-08-30T14:43:23.862+0000] {processor.py:830} INFO - Processing file /opt/airflow/dags/nyc_taxi_pipeline.py for tasks to queue
[2026-08-30T14:43:23.863+0000] {logging_mixin.py:188} INFO - [2026-08-30T14:43:23.863+0000] {dagbag.py:538} INFO - Filling up the DagBag from /opt/airflow/dags/nyc_taxi_pipeline.py
[2026-08-30T14:43:23.882+0000] {processor.py:840} INFO - DAG(s) 'nyc_taxi_pipeline' retrieved from /opt/airflow/dags/nyc_taxi_pipeline.py
[2026-08-30T14:43:23.902+0000] {logging_mixin.py:188} INFO - [2026-08-30T14:43:23.902+0000] {dag.py:3036} INFO - Sync 1 DAGs
[2026-08-30T14:43:23.917+0000] {logging_mixin.py:188} INFO - [2026-08-30T14:43:23.917+0000] {dag.py:3823} INFO - Setting next_dagrun for nyc_taxi_pipeline to 2026-08-30 00:00:00+00:00, run_after=2026-08-31 00:00:00+00:00
[2026-08-30T14:43:23.938+0000] {processor.py:183} INFO - Processing /opt/airflow/dags/nyc_taxi_pipeline.py took 0.079 seconds
[2026-08-30T14:43:54.043+0000] {processor.py:161} INFO - Started process (PID=256) to work on /opt/airflow/dags/nyc_taxi_pipeline.py
[2026-08-30T14:43:54.044+0000] {processor.py:830} INFO - Processing file /opt/airflow/dags/nyc_taxi_pipeline.py for tasks to queue
[2026-08-30T14:43:54.045+0000] {logging_mixin.py:188} INFO - [2026-08-30T14:43:54.045+0000] {dagbag.py:538} INFO - Filling up the DagBag from /opt/airflow/dags/nyc_taxi_pipeline.py
[2026-08-30T14:43:54.063+0000] {processor.py:840} INFO - DAG(s) 'nyc_taxi_pipeline' retrieved from /opt/airflow/dags/nyc_taxi_pipeline.py
[2026-08-30T14:43:54.085+0000] {logging_mixin.py:188} INFO - [2026-08-30T14:43:54.085+0000] {dag.py:3036} INFO - Sync 1 DAGs
[2026-08-30T14:43:54.101+0000] {logging_mixin.py:188} INFO - [2026-08-30T14:43:54.101+0000] {dag.py:3823} INFO - Setting next_dagrun for nyc_taxi_pipeline to 2026-08-30 00:00:00+00:00, run_after=2026-08-31 00:00:00+00:00
[2026-08-30T14:43:54.123+0000] {processor.py:183} INFO - Processing /opt/airflow/dags/nyc_taxi_pipeline.py took 0.082 seconds
[2026-08-30T14:44:24.182+0000] {processor.py:161} INFO - Started process (PID=261) to work on /opt/airflow/dags/nyc_taxi_pipeline.py
[2026-08-30T14:44:24.183+0000] {processor.py:830} INFO - Processing file /opt/airflow/dags/nyc_taxi_pipeline.py for tasks to queue
[2026-08-30T14:44:24.184+0000] {logging_mixin.py:188} INFO - [2026-08-30T14:44:24.184+0000] {dagbag.py:538} INFO - Filling up the DagBag from /opt/airflow/dags/nyc_taxi_pipeline.py
[2026-08-30T14:44:24.201+0000] {processor.py:840} INFO - DAG(s) 'nyc_taxi_pipeline' retrieved from /opt/airflow/dags/nyc_taxi_pipeline.py
[2026-08-30T14:44:24.221+0000] {logging_mixin.py:188} INFO - [2026-08-30T14:44:24.221+0000] {dag.py:3036} INFO - Sync 1 DAGs
[2026-08-30T14:44:24.237+0000] {logging_mixin.py:188} INFO - [2026-08-30T14:44:24.237+0000] {dag.py:3823} INFO - Setting next_dagrun for nyc_taxi_pipeline to 2026-08-30 00:00:00+00:00, run_after=2026-08-31 00:00:00+00:00
[2026-08-30T14:44:24.255+0000] {processor.py:183} INFO - Processing /opt/airflow/dags/nyc_taxi_pipeline.py took 0.076 seconds
[2026-08-30T14:44:54.377+0000] {processor.py:161} INFO - Started process (PID=266) to work on /opt/airflow/dags/nyc_taxi_pipeline.py
[2026-08-30T14:44:54.378+0000] {processor.py:830} INFO - Processing file /opt/airflow/dags/nyc_taxi_pipeline.py for tasks to queue
[2026-08-30T14:44:54.379+0000] {logging_mixin.py:188} INFO - [2026-08-30T14:44:54.379+0000] {dagbag.py:538} INFO - Filling up the DagBag from /opt/airflow/dags/nyc_taxi_pipeline.py
[2026-08-30T14:44:54.398+0000] {processor.py:840} INFO - DAG(s) 'nyc_taxi_pipeline' retrieved from /opt/airflow/dags/nyc_taxi_pipeline.py
[2026-08-30T14:44:54.417+0000] {logging_mixin.py:188} INFO - [2026-08-30T14:44:54.417+0000] {dag.py:3036} INFO - Sync 1 DAGs
[2026-08-30T14:44:54.434+0000] {logging_mixin.py:188} INFO - [2026-08-30T14:44:54.434+0000] {dag.py:3823} INFO - Setting next_dagrun for nyc_taxi_pipeline to 2026-08-30 00:00:00+00:00, run_after=2026-08-31 00:00:00+00:00
[2026-08-30T14:44:54.456+0000] {processor.py:183} INFO - Processing /opt/airflow/dags/nyc_taxi_pipeline.py took 0.081 seconds
[2026-08-30T14:45:24.524+0000] {processor.py:161} INFO - Started process (PID=271) to work on /opt/airflow/dags/nyc_taxi_pipeline.py
[2026-08-30T14:45:24.525+0000] {processor.py:830} INFO - Processing file /opt/airflow/dags/nyc_taxi_pipeline.py for tasks to queue
[2026-08-30T14:45:24.526+0000] {logging_mixin.py:188} INFO - [2026-08-30T14:45:24.526+0000] {dagbag.py:538} INFO - Filling up the DagBag from /opt/airflow/dags/nyc_taxi_pipeline.py
[2026-08-30T14:45:24.544+0000] {processor.py:840} INFO - DAG(s) 'nyc_taxi_pipeline' retrieved from /opt/airflow/dags/nyc_taxi_pipeline.py
[2026-08-30T14:45:24.565+0000] {logging_mixin.py:188} INFO - [2026-08-30T14:45:24.565+0000] {dag.py:3036} INFO - Sync 1 DAGs
[2026-08-30T14:45:24.583+0000] {logging_mixin.py:188} INFO - [2026-08-30T14:45:24.583+0000] {dag.py:3823} INFO - Setting next_dagrun for nyc_taxi_pipeline to 2026-08-30 00:00:00+00:00, run_after=2026-08-31 00:00:00+00:00
[2026-08-30T14:45:24.605+0000] {processor.py:183} INFO - Processing /opt/airflow/dags/nyc_taxi_pipeline.py took 0.083 seconds
[2026-08-30T14:45:54.753+0000] {processor.py:161} INFO - Started process (PID=276) to work on /opt/airflow/dags/nyc_taxi_pipeline.py
[2026-08-30T14:45:54.754+0000] {processor.py:830} INFO - Processing file /opt/airflow/dags/nyc_taxi_pipeline.py for tasks to queue
[2026-08-30T14:45:54.756+0000] {logging_mixin.py:188} INFO - [2026-08-30T14:45:54.755+0000] {dagbag.py:538} INFO - Filling up the DagBag from /opt/airflow/dags/nyc_taxi_pipeline.py
[2026-08-30T14:45:54.774+0000] {processor.py:840} INFO - DAG(s) 'nyc_taxi_pipeline' retrieved from /opt/airflow/dags/nyc_taxi_pipeline.py
[2026-08-30T14:45:54.794+0000] {logging_mixin.py:188} INFO - [2026-08-30T14:45:54.794+0000] {dag.py:3036} INFO - Sync 1 DAGs
[2026-08-30T14:45:54.811+0000] {logging_mixin.py:188} INFO - [2026-08-30T14:45:54.810+0000] {dag.py:3823} INFO - Setting next_dagrun for nyc_taxi_pipeline to 2026-08-30 00:00:00+00:00, run_after=2026-08-31 00:00:00+00:00
[2026-08-30T14:45:54.827+0000] {processor.py:183} INFO - Processing /opt/airflow/dags/nyc_taxi_pipeline.py took 0.076 seconds
[2026-08-30T14:46:24.902+0000] {processor.py:161} INFO - Started process (PID=281) to work on /opt/airflow/dags/nyc_taxi_pipeline.py
[2026-08-30T14:46:24.903+0000] {processor.py:830} INFO - Processing file /opt/airflow/dags/nyc_taxi_pipeline.py for tasks to queue
[2026-08-30T14:46:24.904+0000] {logging_mixin.py:188} INFO - [2026-08-30T14:46:24.903+0000] {dagbag.py:538} INFO - Filling up the DagBag from /opt/airflow/dags/nyc_taxi_pipeline.py
[2026-08-30T14:46:24.927+0000] {processor.py:840} INFO - DAG(s) 'nyc_taxi_pipeline' retrieved from /opt/airflow/dags/nyc_taxi_pipeline.py
[2026-08-30T14:46:24.950+0000] {logging_mixin.py:188} INFO - [2026-08-30T14:46:24.950+0000] {dag.py:3036} INFO - Sync 1 DAGs
[2026-08-30T14:46:24.966+0000] {logging_mixin.py:188} INFO - [2026-08-30T14:46:24.966+0000] {dag.py:3823} INFO - Setting next_dagrun for nyc_taxi_pipeline to 2026-08-30 00:00:00+00:00, run_after=2026-08-31 00:00:00+00:00
[2026-08-30T14:46:24.982+0000] {processor.py:183} INFO - Processing /opt/airflow/dags/nyc_taxi_pipeline.py took 0.082 seconds
[2026-08-30T14:46:55.098+0000] {processor.py:161} INFO - Started process (PID=286) to work on /opt/airflow/dags/nyc_taxi_pipeline.py
[2026-08-30T14:46:55.099+0000] {processor.py:830} INFO - Processing file /opt/airflow/dags/nyc_taxi_pipeline.py for tasks to queue
[2026-08-30T14:46:55.101+0000] {logging_mixin.py:188} INFO - [2026-08-30T14:46:55.101+0000] {dagbag.py:538} INFO - Filling up the DagBag from /opt/airflow/dags/nyc_taxi_pipeline.py
[2026-08-30T14:46:55.132+0000] {processor.py:840} INFO - DAG(s) 'nyc_taxi_pipeline' retrieved from /opt/airflow/dags/nyc_taxi_pipeline.py
[2026-08-30T14:46:55.155+0000] {logging_mixin.py:188} INFO - [2026-08-30T14:46:55.155+0000] {dag.py:3036} INFO - Sync 1 DAGs
[2026-08-30T14:46:55.169+0000] {logging_mixin.py:188} INFO - [2026-08-30T14:46:55.169+0000] {dag.py:3823} INFO - Setting next_dagrun for nyc_taxi_pipeline to 2026-08-30 00:00:00+00:00, run_after=2026-08-31 00:00:00+00:00
[2026-08-30T14:46:55.191+0000] {processor.py:183} INFO - Processing /opt/airflow/dags/nyc_taxi_pipeline.py took 0.096 seconds
[2026-08-30T14:47:25.238+0000] {processor.py:161} INFO - Started process (PID=291) to work on /opt/airflow/dags/nyc_taxi_pipeline.py
[2026-08-30T14:47:25.239+0000] {processor.py:830} INFO - Processing file /opt/airflow/dags/nyc_taxi_pipeline.py for tasks to queue
[2026-08-30T14:47:25.241+0000] {logging_mixin.py:188} INFO - [2026-08-30T14:47:25.240+0000] {dagbag.py:538} INFO - Filling up the DagBag from /opt/airflow/dags/nyc_taxi_pipeline.py
[2026-08-30T14:47:25.259+0000] {processor.py:840} INFO - DAG(s) 'nyc_taxi_pipeline' retrieved from /opt/airflow/dags/nyc_taxi_pipeline.py
[2026-08-30T14:47:25.279+0000] {logging_mixin.py:188} INFO - [2026-08-30T14:47:25.279+0000] {dag.py:3036} INFO - Sync 1 DAGs
[2026-08-30T14:47:25.295+0000] {logging_mixin.py:188} INFO - [2026-08-30T14:47:25.294+0000] {dag.py:3823} INFO - Setting next_dagrun for nyc_taxi_pipeline to 2026-08-30 00:00:00+00:00, run_after=2026-08-31 00:00:00+00:00
[2026-08-30T14:47:25.316+0000] {processor.py:183} INFO - Processing /opt/airflow/dags/nyc_taxi_pipeline.py took 0.080 seconds
[2026-08-30T14:47:55.447+0000] {processor.py:161} INFO - Started process (PID=296) to work on /opt/airflow/dags/nyc_taxi_pipeline.py
[2026-08-30T14:47:55.448+0000] {processor.py:830} INFO - Processing file /opt/airflow/dags/nyc_taxi_pipeline.py for tasks to queue
[2026-08-30T14:47:55.450+0000] {logging_mixin.py:188} INFO - [2026-08-30T14:47:55.449+0000] {dagbag.py:538} INFO - Filling up the DagBag from /opt/airflow/dags/nyc_taxi_pipeline.py
[2026-08-30T14:47:55.469+0000] {processor.py:840} INFO - DAG(s) 'nyc_taxi_pipeline' retrieved from /opt/airflow/dags/nyc_taxi_pipeline.py
[2026-08-30T14:47:55.490+0000] {logging_mixin.py:188} INFO - [2026-08-30T14:47:55.490+0000] {dag.py:3036} INFO - Sync 1 DAGs
[2026-08-30T14:47:55.506+0000] {logging_mixin.py:188} INFO - [2026-08-30T14:47:55.506+0000] {dag.py:3823} INFO - Setting next_dagrun for nyc_taxi_pipeline to 2026-08-30 00:00:00+00:00, run_after=2026-08-31 00:00:00+00:00
[2026-08-30T14:47:55.528+0000] {processor.py:183} INFO - Processing /opt/airflow/dags/nyc_taxi_pipeline.py took 0.083 seconds
[2026-08-30T14:48:25.592+0000] {processor.py:161} INFO - Started process (PID=301) to work on /opt/airflow/dags/nyc_taxi_pipeline.py
[2026-08-30T14:48:25.593+0000] {processor.py:830} INFO - Processing file /opt/airflow/dags/nyc_taxi_pipeline.py for tasks to queue
[2026-08-30T14:48:25.594+0000] {logging_mixin.py:188} INFO - [2026-08-30T14:48:25.593+0000] {dagbag.py:538} INFO - Filling up the DagBag from /opt/airflow/dags/nyc_taxi_pipeline.py
[2026-08-30T14:48:25.612+0000] {processor.py:840} INFO - DAG(s) 'nyc_taxi_pipeline' retrieved from /opt/airflow/dags/nyc_taxi_pipeline.py
[2026-08-30T14:48:25.634+0000] {logging_mixin.py:188} INFO - [2026-08-30T14:48:25.633+0000] {dag.py:3036} INFO - Sync 1 DAGs
[2026-08-30T14:48:25.651+0000] {logging_mixin.py:188} INFO - [2026-08-30T14:48:25.651+0000] {dag.py:3823} INFO - Setting next_dagrun for nyc_taxi_pipeline to 2026-08-30 00:00:00+00:00, run_after=2026-08-31 00:00:00+00:00
[2026-08-30T14:48:25.670+0000] {processor.py:183} INFO - Processing /opt/airflow/dags/nyc_taxi_pipeline.py took 0.081 seconds
[2026-08-30T14:48:55.789+0000] {processor.py:161} INFO - Started process (PID=306) to work on /opt/airflow/dags/nyc_taxi_pipeline.py
[2026-08-30T14:48:55.790+0000] {processor.py:830} INFO - Processing file /opt/airflow/dags/nyc_taxi_pipeline.py for tasks to queue
[2026-08-30T14:48:55.791+0000] {logging_mixin.py:188} INFO - [2026-08-30T14:48:55.791+0000] {dagbag.py:538} INFO - Filling up the DagBag from /opt/airflow/dags/nyc_taxi_pipeline.py
[2026-08-30T14:48:55.808+0000] {processor.py:840} INFO - DAG(s) 'nyc_taxi_pipeline' retrieved from /opt/airflow/dags/nyc_taxi_pipeline.py
[2026-08-30T14:48:55.828+0000] {logging_mixin.py:188} INFO - [2026-08-30T14:48:55.827+0000] {dag.py:3036} INFO - Sync 1 DAGs
[2026-08-30T14:48:55.842+0000] {logging_mixin.py:188} INFO - [2026-08-30T14:48:55.842+0000] {dag.py:3823} INFO - Setting next_dagrun for nyc_taxi_pipeline to 2026-08-30 00:00:00+00:00, run_after=2026-08-31 00:00:00+00:00
[2026-08-30T14:48:55.859+0000] {processor.py:183} INFO - Processing /opt/airflow/dags/nyc_taxi_pipeline.py took 0.072 seconds
[2026-08-30T14:49:25.936+0000] {processor.py:161} INFO - Started process (PID=311) to work on /opt/airflow/dags/nyc_taxi_pipeline.py
[2026-08-30T14:49:25.937+0000] {processor.py:830} INFO - Processing file /opt/airflow/dags/nyc_taxi_pipeline.py for tasks to queue
[2026-08-30T14:49:25.938+0000] {logging_mixin.py:188} INFO - [2026-08-30T14:49:25.938+0000] {dagbag.py:538} INFO - Filling up the DagBag from /opt/airflow/dags/nyc_taxi_pipeline.py
[2026-08-30T14:49:25.956+0000] {processor.py:840} INFO - DAG(s) 'nyc_taxi_pipeline' retrieved from /opt/airflow/dags/nyc_taxi_pipeline.py
[2026-08-30T14:49:25.979+0000] {logging_mixin.py:188} INFO - [2026-08-30T14:49:25.978+0000] {dag.py:3036} INFO - Sync 1 DAGs
[2026-08-30T14:49:25.995+0000] {logging_mixin.py:188} INFO - [2026-08-30T14:49:25.995+0000] {dag.py:3823} INFO - Setting next_dagrun for nyc_taxi_pipeline to 2026-08-30 00:00:00+00:00, run_after=2026-08-31 00:00:00+00:00
[2026-08-30T14:49:26.017+0000] {processor.py:183} INFO - Processing /opt/airflow/dags/nyc_taxi_pipeline.py took 0.083 seconds
[2026-08-30T14:49:56.118+0000] {processor.py:161} INFO - Started process (PID=316) to work on /opt/airflow/dags/nyc_taxi_pipeline.py
[2026-08-30T14:49:56.119+0000] {processor.py:830} INFO - Processing file /opt/airflow/dags/nyc_taxi_pipeline.py for tasks to queue
[2026-08-30T14:49:56.121+0000] {logging_mixin.py:188} INFO - [2026-08-30T14:49:56.120+0000] {dagbag.py:538} INFO - Filling up the DagBag from /opt/airflow/dags/nyc_taxi_pipeline.py
[2026-08-30T14:49:56.141+0000] {processor.py:840} INFO - DAG(s) 'nyc_taxi_pipeline' retrieved from /opt/airflow/dags/nyc_taxi_pipeline.py
[2026-08-30T14:49:56.163+0000] {logging_mixin.py:188} INFO - [2026-08-30T14:49:56.163+0000] {dag.py:3036} INFO - Sync 1 DAGs
[2026-08-30T14:49:56.179+0000] {logging_mixin.py:188} INFO - [2026-08-30T14:49:56.179+0000] {dag.py:3823} INFO - Setting next_dagrun for nyc_taxi_pipeline to 2026-08-30 00:00:00+00:00, run_after=2026-08-31 00:00:00+00:00
[2026-08-30T14:49:56.200+0000] {processor.py:183} INFO - Processing /opt/airflow/dags/nyc_taxi_pipeline.py took 0.085 seconds
[2026-08-30T14:50:26.268+0000] {processor.py:161} INFO - Started process (PID=321) to work on /opt/airflow/dags/nyc_taxi_pipeline.py
[2026-08-30T14:50:26.269+0000] {processor.py:830} INFO - Processing file /opt/airflow/dags/nyc_taxi_pipeline.py for tasks to queue
[2026-08-30T14:50:26.270+0000] {logging_mixin.py:188} INFO - [2026-08-30T14:50:26.270+0000] {dagbag.py:538} INFO - Filling up the DagBag from /opt/airflow/dags/nyc_taxi_pipeline.py
[2026-08-30T14:50:26.288+0000] {processor.py:840} INFO - DAG(s) 'nyc_taxi_pipeline' retrieved from /opt/airflow/dags/nyc_taxi_pipeline.py
[2026-08-30T14:50:26.307+0000] {logging_mixin.py:188} INFO - [2026-08-30T14:50:26.306+0000] {dag.py:3036} INFO - Sync 1 DAGs
[2026-08-30T14:50:26.321+0000] {logging_mixin.py:188} INFO - [2026-08-30T14:50:26.321+0000] {dag.py:3823} INFO - Setting next_dagrun for nyc_taxi_pipeline to 2026-08-30 00:00:00+00:00, run_after=2026-08-31 00:00:00+00:00
[2026-08-30T14:50:26.343+0000] {processor.py:183} INFO - Processing /opt/airflow/dags/nyc_taxi_pipeline.py took 0.077 seconds
[2026-08-30T14:50:56.474+0000] {processor.py:161} INFO - Started process (PID=326) to work on /opt/airflow/dags/nyc_taxi_pipeline.py
[2026-08-30T14:50:56.475+0000] {processor.py:830} INFO - Processing file /opt/airflow/dags/nyc_taxi_pipeline.py for tasks to queue
[2026-08-30T14:50:56.477+0000] {logging_mixin.py:188} INFO - [2026-08-30T14:50:56.477+0000] {dagbag.py:538} INFO - Filling up the DagBag from /opt/airflow/dags/nyc_taxi_pipeline.py
[2026-08-30T14:50:56.494+0000] {processor.py:840} INFO - DAG(s) 'nyc_taxi_pipeline' retrieved from /opt/airflow/dags/nyc_taxi_pipeline.py
[2026-08-30T14:50:56.513+0000] {logging_mixin.py:188} INFO - [2026-08-30T14:50:56.513+0000] {dag.py:3036} INFO - Sync 1 DAGs
[2026-08-30T14:50:56.529+0000] {logging_mixin.py:188} INFO - [2026-08-30T14:50:56.529+0000] {dag.py:3823} INFO - Setting next_dagrun for nyc_taxi_pipeline to 2026-08-30 00:00:00+00:00, run_after=2026-08-31 00:00:00+00:00
[2026-08-30T14:50:56.546+0000] {processor.py:183} INFO - Processing /opt/airflow/dags/nyc_taxi_pipeline.py took 0.074 seconds
[2026-08-30T14:51:26.616+0000] {processor.py:161} INFO - Started process (PID=331) to work on /opt/airflow/dags/nyc_taxi_pipeline.py
[2026-08-30T14:51:26.617+0000] {processor.py:830} INFO - Processing file /opt/airflow/dags/nyc_taxi_pipeline.py for tasks to queue
[2026-08-30T14:51:26.618+0000] {logging_mixin.py:188} INFO - [2026-08-30T14:51:26.617+0000] {dagbag.py:538} INFO - Filling up the DagBag from /opt/airflow/dags/nyc_taxi_pipeline.py
[2026-08-30T14:51:26.635+0000] {processor.py:840} INFO - DAG(s) 'nyc_taxi_pipeline' retrieved from /opt/airflow/dags/nyc_taxi_pipeline.py
[2026-08-30T14:51:26.656+0000] {logging_mixin.py:188} INFO - [2026-08-30T14:51:26.656+0000] {dag.py:3036} INFO - Sync 1 DAGs
[2026-08-30T14:51:26.671+0000] {logging_mixin.py:188} INFO - [2026-08-30T14:51:26.671+0000] {dag.py:3823} INFO - Setting next_dagrun for nyc_taxi_pipeline to 2026-08-30 00:00:00+00:00, run_after=2026-08-31 00:00:00+00:00
[2026-08-30T14:51:26.693+0000] {processor.py:183} INFO - Processing /opt/airflow/dags/nyc_taxi_pipeline.py took 0.080 seconds
[2026-08-30T14:51:56.791+0000] {processor.py:161} INFO - Started process (PID=336) to work on /opt/airflow/dags/nyc_taxi_pipeline.py
[2026-08-30T14:51:56.792+0000] {processor.py:830} INFO - Processing file /opt/airflow/dags/nyc_taxi_pipeline.py for tasks to queue
[2026-08-30T14:51:56.793+0000] {logging_mixin.py:188} INFO - [2026-08-30T14:51:56.793+0000] {dagbag.py:538} INFO - Filling up the DagBag from /opt/airflow/dags/nyc_taxi_pipeline.py
[2026-08-30T14:51:56.811+0000] {processor.py:840} INFO - DAG(s) 'nyc_taxi_pipeline' retrieved from /opt/airflow/dags/nyc_taxi_pipeline.py
[2026-08-30T14:51:56.831+0000] {logging_mixin.py:188} INFO - [2026-08-30T14:51:56.830+0000] {dag.py:3036} INFO - Sync 1 DAGs
[2026-08-30T14:51:56.846+0000] {logging_mixin.py:188} INFO - [2026-08-30T14:51:56.846+0000] {dag.py:3823} INFO - Setting next_dagrun for nyc_taxi_pipeline to 2026-08-30 00:00:00+00:00, run_after=2026-08-31 00:00:00+00:00
[2026-08-30T14:51:56.861+0000] {processor.py:183} INFO - Processing /opt/airflow/dags/nyc_taxi_pipeline.py took 0.073 seconds
[2026-08-30T14:52:26.933+0000] {processor.py:161} INFO - Started process (PID=341) to work on /opt/airflow/dags/nyc_taxi_pipeline.py
[2026-08-30T14:52:26.933+0000] {processor.py:830} INFO - Processing file /opt/airflow/dags/nyc_taxi_pipeline.py for tasks to queue
[2026-08-30T14:52:26.935+0000] {logging_mixin.py:188} INFO - [2026-08-30T14:52:26.934+0000] {dagbag.py:538} INFO - Filling up the DagBag from /opt/airflow/dags/nyc_taxi_pipeline.py
[2026-08-30T14:52:26.952+0000] {processor.py:840} INFO - DAG(s) 'nyc_taxi_pipeline' retrieved from /opt/airflow/dags/nyc_taxi_pipeline.py
[2026-08-30T14:52:26.972+0000] {logging_mixin.py:188} INFO - [2026-08-30T14:52:26.972+0000] {dag.py:3036} INFO - Sync 1 DAGs
[2026-08-30T14:52:26.987+0000] {logging_mixin.py:188} INFO - [2026-08-30T14:52:26.987+0000] {dag.py:3823} INFO - Setting next_dagrun for nyc_taxi_pipeline to 2026-08-30 00:00:00+00:00, run_after=2026-08-31 00:00:00+00:00
[2026-08-30T14:52:27.003+0000] {processor.py:183} INFO - Processing /opt/airflow/dags/nyc_taxi_pipeline.py took 0.073 seconds
[2026-08-30T14:52:57.112+0000] {processor.py:161} INFO - Started process (PID=346) to work on /opt/airflow/dags/nyc_taxi_pipeline.py
[2026-08-30T14:52:57.113+0000] {processor.py:830} INFO - Processing file /opt/airflow/dags/nyc_taxi_pipeline.py for tasks to queue
[2026-08-30T14:52:57.114+0000] {logging_mixin.py:188} INFO - [2026-08-30T14:52:57.114+0000] {dagbag.py:538} INFO - Filling up the DagBag from /opt/airflow/dags/nyc_taxi_pipeline.py
[2026-08-30T14:52:57.132+0000] {processor.py:840} INFO - DAG(s) 'nyc_taxi_pipeline' retrieved from /opt/airflow/dags/nyc_taxi_pipeline.py
[2026-08-30T14:52:57.153+0000] {logging_mixin.py:188} INFO - [2026-08-30T14:52:57.153+0000] {dag.py:3036} INFO - Sync 1 DAGs
[2026-08-30T14:52:57.170+0000] {logging_mixin.py:188} INFO - [2026-08-30T14:52:57.170+0000] {dag.py:3823} INFO - Setting next_dagrun for nyc_taxi_pipeline to 2026-08-30 00:00:00+00:00, run_after=2026-08-31 00:00:00+00:00
[2026-08-30T14:52:57.187+0000] {processor.py:183} INFO - Processing /opt/airflow/dags/nyc_taxi_pipeline.py took 0.078 seconds
[2026-08-30T14:53:27.263+0000] {processor.py:161} INFO - Started process (PID=351) to work on /opt/airflow/dags/nyc_taxi_pipeline.py
[2026-08-30T14:53:27.264+0000] {processor.py:830} INFO - Processing file /opt/airflow/dags/nyc_taxi_pipeline.py for tasks to queue
[2026-08-30T14:53:27.265+0000] {logging_mixin.py:188} INFO - [2026-08-30T14:53:27.265+0000] {dagbag.py:538} INFO - Filling up the DagBag from /opt/airflow/dags/nyc_taxi_pipeline.py
[2026-08-30T14:53:27.283+0000] {processor.py:840} INFO - DAG(s) 'nyc_taxi_pipeline' retrieved from /opt/airflow/dags/nyc_taxi_pipeline.py
[2026-08-30T14:53:27.302+0000] {logging_mixin.py:188} INFO - [2026-08-30T14:53:27.302+0000] {dag.py:3036} INFO - Sync 1 DAGs
[2026-08-30T14:53:27.318+0000] {logging_mixin.py:188} INFO - [2026-08-30T14:53:27.318+0000] {dag.py:3823} INFO - Setting next_dagrun for nyc_taxi_pipeline to 2026-08-30 00:00:00+00:00, run_after=2026-08-31 00:00:00+00:00
[2026-08-30T14:53:27.338+0000] {processor.py:183} INFO - Processing /opt/airflow/dags/nyc_taxi_pipeline.py took 0.078 seconds
[2026-08-30T14:53:57.455+0000] {processor.py:161} INFO - Started process (PID=356) to work on /opt/airflow/dags/nyc_taxi_pipeline.py
[2026-08-30T14:53:57.456+0000] {processor.py:830} INFO - Processing file /opt/airflow/dags/nyc_taxi_pipeline.py for tasks to queue
[2026-08-30T14:53:57.457+0000] {logging_mixin.py:188} INFO - [2026-08-30T14:53:57.457+0000] {dagbag.py:538} INFO - Filling up the DagBag from /opt/airflow/dags/nyc_taxi_pipeline.py
[2026-08-30T14:53:57.477+0000] {processor.py:840} INFO - DAG(s) 'nyc_taxi_pipeline' retrieved from /opt/airflow/dags/nyc_taxi_pipeline.py
[2026-08-30T14:53:57.497+0000] {logging_mixin.py:188} INFO - [2026-08-30T14:53:57.496+0000] {dag.py:3036} INFO - Sync 1 DAGs
[2026-08-30T14:53:57.511+0000] {logging_mixin.py:188} INFO - [2026-08-30T14:53:57.511+0000] {dag.py:3823} INFO - Setting next_dagrun for nyc_taxi_pipeline to 2026-08-30 00:00:00+00:00, run_after=2026-08-31 00:00:00+00:00
[2026-08-30T14:53:57.526+0000] {processor.py:183} INFO - Processing /opt/airflow/dags/nyc_taxi_pipeline.py took 0.073 seconds
[2026-08-30T14:54:27.603+0000] {processor.py:161} INFO - Started process (PID=361) to work on /opt/airflow/dags/nyc_taxi_pipeline.py
[2026-08-30T14:54:27.604+0000] {processor.py:830} INFO - Processing file /opt/airflow/dags/nyc_taxi_pipeline.py for tasks to queue
[2026-08-30T14:54:27.605+0000] {logging_mixin.py:188} INFO - [2026-08-30T14:54:27.605+0000] {dagbag.py:538} INFO - Filling up the DagBag from /opt/airflow/dags/nyc_taxi_pipeline.py
[2026-08-30T14:54:27.622+0000] {processor.py:840} INFO - DAG(s) 'nyc_taxi_pipeline' retrieved from /opt/airflow/dags/nyc_taxi_pipeline.py
[2026-08-30T14:54:27.642+0000] {logging_mixin.py:188} INFO - [2026-08-30T14:54:27.641+0000] {dag.py:3036} INFO - Sync 1 DAGs
[2026-08-30T14:54:27.658+0000] {logging_mixin.py:188} INFO - [2026-08-30T14:54:27.658+0000] {dag.py:3823} INFO - Setting next_dagrun for nyc_taxi_pipeline to 2026-08-30 00:00:00+00:00, run_after=2026-08-31 00:00:00+00:00
[2026-08-30T14:54:27.679+0000] {processor.py:183} INFO - Processing /opt/airflow/dags/nyc_taxi_pipeline.py took 0.078 seconds
[2026-08-30T14:54:57.782+0000] {processor.py:161} INFO - Started process (PID=366) to work on /opt/airflow/dags/nyc_taxi_pipeline.py
[2026-08-30T14:54:57.783+0000] {processor.py:830} INFO - Processing file /opt/airflow/dags/nyc_taxi_pipeline.py for tasks to queue
[2026-08-30T14:54:57.784+0000] {logging_mixin.py:188} INFO - [2026-08-30T14:54:57.784+0000] {dagbag.py:538} INFO - Filling up the DagBag from /opt/airflow/dags/nyc_taxi_pipeline.py
[2026-08-30T14:54:57.802+0000] {processor.py:840} INFO - DAG(s) 'nyc_taxi_pipeline' retrieved from /opt/airflow/dags/nyc_taxi_pipeline.py
[2026-08-30T14:54:57.822+0000] {logging_mixin.py:188} INFO - [2026-08-30T14:54:57.822+0000] {dag.py:3036} INFO - Sync 1 DAGs
[2026-08-30T14:54:57.838+0000] {logging_mixin.py:188} INFO - [2026-08-30T14:54:57.838+0000] {dag.py:3823} INFO - Setting next_dagrun for nyc_taxi_pipeline to 2026-08-30 00:00:00+00:00, run_after=2026-08-31 00:00:00+00:00
[2026-08-30T14:54:57.853+0000] {processor.py:183} INFO - Processing /opt/airflow/dags/nyc_taxi_pipeline.py took 0.073 seconds
[2026-08-30T14:55:27.926+0000] {processor.py:161} INFO - Started process (PID=371) to work on /opt/airflow/dags/nyc_taxi_pipeline.py
[2026-08-30T14:55:27.927+0000] {processor.py:830} INFO - Processing file /opt/airflow/dags/nyc_taxi_pipeline.py for tasks to queue
[2026-08-30T14:55:27.929+0000] {logging_mixin.py:188} INFO - [2026-08-30T14:55:27.928+0000] {dagbag.py:538} INFO - Filling up the DagBag from /opt/airflow/dags/nyc_taxi_pipeline.py
[2026-08-30T14:55:27.946+0000] {processor.py:840} INFO - DAG(s) 'nyc_taxi_pipeline' retrieved from /opt/airflow/dags/nyc_taxi_pipeline.py
[2026-08-30T14:55:27.968+0000] {logging_mixin.py:188} INFO - [2026-08-30T14:55:27.968+0000] {dag.py:3036} INFO - Sync 1 DAGs
[2026-08-30T14:55:27.983+0000] {logging_mixin.py:188} INFO - [2026-08-30T14:55:27.983+0000] {dag.py:3823} INFO - Setting next_dagrun for nyc_taxi_pipeline to 2026-08-30 00:00:00+00:00, run_after=2026-08-31 00:00:00+00:00
[2026-08-30T14:55:28.002+0000] {processor.py:183} INFO - Processing /opt/airflow/dags/nyc_taxi_pipeline.py took 0.078 seconds
[2026-08-30T14:55:58.128+0000] {processor.py:161} INFO - Started process (PID=376) to work on /opt/airflow/dags/nyc_taxi_pipeline.py
[2026-08-30T14:55:58.129+0000] {processor.py:830} INFO - Processing file /opt/airflow/dags/nyc_taxi_pipeline.py for tasks to queue
[2026-08-30T14:55:58.130+0000] {logging_mixin.py:188} INFO - [2026-08-30T14:55:58.129+0000] {dagbag.py:538} INFO - Filling up the DagBag from /opt/airflow/dags/nyc_taxi_pipeline.py
[2026-08-30T14:55:58.148+0000] {processor.py:840} INFO - DAG(s) 'nyc_taxi_pipeline' retrieved from /opt/airflow/dags/nyc_taxi_pipeline.py
[2026-08-30T14:55:58.167+0000] {logging_mixin.py:188} INFO - [2026-08-30T14:55:58.167+0000] {dag.py:3036} INFO - Sync 1 DAGs
[2026-08-30T14:55:58.183+0000] {logging_mixin.py:188} INFO - [2026-08-30T14:55:58.183+0000] {dag.py:3823} INFO - Setting next_dagrun for nyc_taxi_pipeline to 2026-08-30 00:00:00+00:00, run_after=2026-08-31 00:00:00+00:00
[2026-08-30T14:55:58.197+0000] {processor.py:183} INFO - Processing /opt/airflow/dags/nyc_taxi_pipeline.py took 0.072 seconds
[2026-08-30T14:56:28.264+0000] {processor.py:161} INFO - Started process (PID=381) to work on /opt/airflow/dags/nyc_taxi_pipeline.py
[2026-08-30T14:56:28.265+0000] {processor.py:830} INFO - Processing file /opt/airflow/dags/nyc_taxi_pipeline.py for tasks to queue
[2026-08-30T14:56:28.266+0000] {logging_mixin.py:188} INFO - [2026-08-30T14:56:28.266+0000] {dagbag.py:538} INFO - Filling up the DagBag from /opt/airflow/dags/nyc_taxi_pipeline.py
[2026-08-30T14:56:28.283+0000] {processor.py:840} INFO - DAG(s) 'nyc_taxi_pipeline' retrieved from /opt/airflow/dags/nyc_taxi_pipeline.py
[2026-08-30T14:56:28.304+0000] {logging_mixin.py:188} INFO - [2026-08-30T14:56:28.304+0000] {dag.py:3036} INFO - Sync 1 DAGs
[2026-08-30T14:56:28.319+0000] {logging_mixin.py:188} INFO - [2026-08-30T14:56:28.318+0000] {dag.py:3823} INFO - Setting next_dagrun for nyc_taxi_pipeline to 2026-08-30 00:00:00+00:00, run_after=2026-08-31 00:00:00+00:00
[2026-08-30T14:56:28.333+0000] {processor.py:183} INFO - Processing /opt/airflow/dags/nyc_taxi_pipeline.py took 0.071 seconds
[2026-08-30T14:56:58.477+0000] {processor.py:161} INFO - Started process (PID=386) to work on /opt/airflow/dags/nyc_taxi_pipeline.py
[2026-08-30T14:56:58.478+0000] {processor.py:830} INFO - Processing file /opt/airflow/dags/nyc_taxi_pipeline.py for tasks to queue
[2026-08-30T14:56:58.480+0000] {logging_mixin.py:188} INFO - [2026-08-30T14:56:58.479+0000] {dagbag.py:538} INFO - Filling up the DagBag from /opt/airflow/dags/nyc_taxi_pipeline.py
[2026-08-30T14:56:58.502+0000] {processor.py:840} INFO - DAG(s) 'nyc_taxi_pipeline' retrieved from /opt/airflow/dags/nyc_taxi_pipeline.py
[2026-08-30T14:56:58.521+0000] {logging_mixin.py:188} INFO - [2026-08-30T14:56:58.521+0000] {dag.py:3036} INFO - Sync 1 DAGs
[2026-08-30T14:56:58.536+0000] {logging_mixin.py:188} INFO - [2026-08-30T14:56:58.536+0000] {dag.py:3823} INFO - Setting next_dagrun for nyc_taxi_pipeline to 2026-08-30 00:00:00+00:00, run_after=2026-08-31 00:00:00+00:00
[2026-08-30T14:56:58.554+0000] {processor.py:183} INFO - Processing /opt/airflow/dags/nyc_taxi_pipeline.py took 0.080 seconds
[2026-08-30T14:57:28.621+0000] {processor.py:161} INFO - Started process (PID=391) to work on /opt/airflow/dags/nyc_taxi_pipeline.py
[2026-08-30T14:57:28.622+0000] {processor.py:830} INFO - Processing file /opt/airflow/dags/nyc_taxi_pipeline.py for tasks to queue
[2026-08-30T14:57:28.623+0000] {logging_mixin.py:188} INFO - [2026-08-30T14:57:28.623+0000] {dagbag.py:538} INFO - Filling up the DagBag from /opt/airflow/dags/nyc_taxi_pipeline.py
[2026-08-30T14:57:28.641+0000] {processor.py:840} INFO - DAG(s) 'nyc_taxi_pipeline' retrieved from /opt/airflow/dags/nyc_taxi_pipeline.py
[2026-08-30T14:57:28.662+0000] {logging_mixin.py:188} INFO - [2026-08-30T14:57:28.662+0000] {dag.py:3036} INFO - Sync 1 DAGs
[2026-08-30T14:57:28.679+0000] {logging_mixin.py:188} INFO - [2026-08-30T14:57:28.679+0000] {dag.py:3823} INFO - Setting next_dagrun for nyc_taxi_pipeline to 2026-08-30 00:00:00+00:00, run_after=2026-08-31 00:00:00+00:00
[2026-08-30T14:57:28.697+0000] {processor.py:183} INFO - Processing /opt/airflow/dags/nyc_taxi_pipeline.py took 0.078 seconds
[2026-08-30T14:57:58.820+0000] {processor.py:161} INFO - Started process (PID=396) to work on /opt/airflow/dags/nyc_taxi_pipeline.py
[2026-08-30T14:57:58.821+0000] {processor.py:830} INFO - Processing file /opt/airflow/dags/nyc_taxi_pipeline.py for tasks to queue
[2026-08-30T14:57:58.822+0000] {logging_mixin.py:188} INFO - [2026-08-30T14:57:58.821+0000] {dagbag.py:538} INFO - Filling up the DagBag from /opt/airflow/dags/nyc_taxi_pipeline.py
[2026-08-30T14:57:58.841+0000] {processor.py:840} INFO - DAG(s) 'nyc_taxi_pipeline' retrieved from /opt/airflow/dags/nyc_taxi_pipeline.py
[2026-08-30T14:57:58.861+0000] {logging_mixin.py:188} INFO - [2026-08-30T14:57:58.861+0000] {dag.py:3036} INFO - Sync 1 DAGs
[2026-08-30T14:57:58.878+0000] {logging_mixin.py:188} INFO - [2026-08-30T14:57:58.878+0000] {dag.py:3823} INFO - Setting next_dagrun for nyc_taxi_pipeline to 2026-08-30 00:00:00+00:00, run_after=2026-08-31 00:00:00+00:00
[2026-08-30T14:57:58.893+0000] {processor.py:183} INFO - Processing /opt/airflow/dags/nyc_taxi_pipeline.py took 0.076 seconds
[2026-08-30T14:58:28.968+0000] {processor.py:161} INFO - Started process (PID=401) to work on /opt/airflow/dags/nyc_taxi_pipeline.py
[2026-08-30T14:58:28.969+0000] {processor.py:830} INFO - Processing file /opt/airflow/dags/nyc_taxi_pipeline.py for tasks to queue
[2026-08-30T14:58:28.970+0000] {logging_mixin.py:188} INFO - [2026-08-30T14:58:28.970+0000] {dagbag.py:538} INFO - Filling up the DagBag from /opt/airflow/dags/nyc_taxi_pipeline.py
[2026-08-30T14:58:28.989+0000] {processor.py:840} INFO - DAG(s) 'nyc_taxi_pipeline' retrieved from /opt/airflow/dags/nyc_taxi_pipeline.py
[2026-08-30T14:58:29.009+0000] {logging_mixin.py:188} INFO - [2026-08-30T14:58:29.009+0000] {dag.py:3036} INFO - Sync 1 DAGs
[2026-08-30T14:58:29.025+0000] {logging_mixin.py:188} INFO - [2026-08-30T14:58:29.025+0000] {dag.py:3823} INFO - Setting next_dagrun for nyc_taxi_pipeline to 2026-08-30 00:00:00+00:00, run_after=2026-08-31 00:00:00+00:00
[2026-08-30T14:58:29.045+0000] {processor.py:183} INFO - Processing /opt/airflow/dags/nyc_taxi_pipeline.py took 0.079 seconds
[2026-08-30T14:58:59.155+0000] {processor.py:161} INFO - Started process (PID=406) to work on /opt/airflow/dags/nyc_taxi_pipeline.py
[2026-08-30T14:58:59.155+0000] {processor.py:830} INFO - Processing file /opt/airflow/dags/nyc_taxi_pipeline.py for tasks to queue
[2026-08-30T14:58:59.156+0000] {logging_mixin.py:188} INFO - [2026-08-30T14:58:59.156+0000] {dagbag.py:538} INFO - Filling up the DagBag from /opt/airflow/dags/nyc_taxi_pipeline.py
[2026-08-30T14:58:59.174+0000] {processor.py:840} INFO - DAG(s) 'nyc_taxi_pipeline' retrieved from /opt/airflow/dags/nyc_taxi_pipeline.py
[2026-08-30T14:58:59.194+0000] {logging_mixin.py:188} INFO - [2026-08-30T14:58:59.194+0000] {dag.py:3036} INFO - Sync 1 DAGs
[2026-08-30T14:58:59.211+0000] {logging_mixin.py:188} INFO - [2026-08-30T14:58:59.211+0000] {dag.py:3823} INFO - Setting next_dagrun for nyc_taxi_pipeline to 2026-08-30 00:00:00+00:00, run_after=2026-08-31 00:00:00+00:00
[2026-08-30T14:58:59.232+0000] {processor.py:183} INFO - Processing /opt/airflow/dags/nyc_taxi_pipeline.py took 0.079 seconds
[2026-08-30T14:59:29.301+0000] {processor.py:161} INFO - Started process (PID=411) to work on /opt/airflow/dags/nyc_taxi_pipeline.py
[2026-08-30T14:59:29.302+0000] {processor.py:830} INFO - Processing file /opt/airflow/dags/nyc_taxi_pipeline.py for tasks to queue
[2026-08-30T14:59:29.303+0000] {logging_mixin.py:188} INFO - [2026-08-30T14:59:29.303+0000] {dagbag.py:538} INFO - Filling up the DagBag from /opt/airflow/dags/nyc_taxi_pipeline.py
[2026-08-30T14:59:29.320+0000] {processor.py:840} INFO - DAG(s) 'nyc_taxi_pipeline' retrieved from /opt/airflow/dags/nyc_taxi_pipeline.py
[2026-08-30T14:59:29.340+0000] {logging_mixin.py:188} INFO - [2026-08-30T14:59:29.340+0000] {dag.py:3036} INFO - Sync 1 DAGs
[2026-08-30T14:59:29.355+0000] {logging_mixin.py:188} INFO - [2026-08-30T14:59:29.355+0000] {dag.py:3823} INFO - Setting next_dagrun for nyc_taxi_pipeline to 2026-08-30 00:00:00+00:00, run_after=2026-08-31 00:00:00+00:00
[2026-08-30T14:59:29.376+0000] {processor.py:183} INFO - Processing /opt/airflow/dags/nyc_taxi_pipeline.py took 0.077 seconds
[2026-08-30T14:59:59.486+0000] {processor.py:161} INFO - Started process (PID=416) to work on /opt/airflow/dags/nyc_taxi_pipeline.py
[2026-08-30T14:59:59.487+0000] {processor.py:830} INFO - Processing file /opt/airflow/dags/nyc_taxi_pipeline.py for tasks to queue
[2026-08-30T14:59:59.488+0000] {logging_mixin.py:188} INFO - [2026-08-30T14:59:59.488+0000] {dagbag.py:538} INFO - Filling up the DagBag from /opt/airflow/dags/nyc_taxi_pipeline.py
[2026-08-30T14:59:59.505+0000] {processor.py:840} INFO - DAG(s) 'nyc_taxi_pipeline' retrieved from /opt/airflow/dags/nyc_taxi_pipeline.py
[2026-08-30T14:59:59.525+0000] {logging_mixin.py:188} INFO - [2026-08-30T14:59:59.524+0000] {dag.py:3036} INFO - Sync 1 DAGs
[2026-08-30T14:59:59.542+0000] {logging_mixin.py:188} INFO - [2026-08-30T14:59:59.541+0000] {dag.py:3823} INFO - Setting next_dagrun for nyc_taxi_pipeline to 2026-08-30 00:00:00+00:00, run_after=2026-08-31 00:00:00+00:00
[2026-08-30T14:59:59.564+0000] {processor.py:183} INFO - Processing /opt/airflow/dags/nyc_taxi_pipeline.py took 0.080 seconds
[2026-08-30T15:00:29.626+0000] {processor.py:161} INFO - Started process (PID=421) to work on /opt/airflow/dags/nyc_taxi_pipeline.py
[2026-08-30T15:00:29.627+0000] {processor.py:830} INFO - Processing file /opt/airflow/dags/nyc_taxi_pipeline.py for tasks to queue
[2026-08-30T15:00:29.629+0000] {logging_mixin.py:188} INFO - [2026-08-30T15:00:29.628+0000] {dagbag.py:538} INFO - Filling up the DagBag from /opt/airflow/dags/nyc_taxi_pipeline.py
[2026-08-30T15:00:29.646+0000] {processor.py:840} INFO - DAG(s) 'nyc_taxi_pipeline' retrieved from /opt/airflow/dags/nyc_taxi_pipeline.py
[2026-08-30T15:00:29.668+0000] {logging_mixin.py:188} INFO - [2026-08-30T15:00:29.668+0000] {dag.py:3036} INFO - Sync 1 DAGs
[2026-08-30T15:00:29.686+0000] {logging_mixin.py:188} INFO - [2026-08-30T15:00:29.685+0000] {dag.py:3823} INFO - Setting next_dagrun for nyc_taxi_pipeline to 2026-08-30 00:00:00+00:00, run_after=2026-08-31 00:00:00+00:00
[2026-08-30T15:00:29.707+0000] {processor.py:183} INFO - Processing /opt/airflow/dags/nyc_taxi_pipeline.py took 0.083 seconds
[2026-08-30T15:00:59.841+0000] {processor.py:161} INFO - Started process (PID=426) to work on /opt/airflow/dags/nyc_taxi_pipeline.py
[2026-08-30T15:00:59.843+0000] {processor.py:830} INFO - Processing file /opt/airflow/dags/nyc_taxi_pipeline.py for tasks to queue
[2026-08-30T15:00:59.844+0000] {logging_mixin.py:188} INFO - [2026-08-30T15:00:59.843+0000] {dagbag.py:538} INFO - Filling up the DagBag from /opt/airflow/dags/nyc_taxi_pipeline.py
[2026-08-30T15:00:59.862+0000] {processor.py:840} INFO - DAG(s) 'nyc_taxi_pipeline' retrieved from /opt/airflow/dags/nyc_taxi_pipeline.py
[2026-08-30T15:00:59.883+0000] {logging_mixin.py:188} INFO - [2026-08-30T15:00:59.883+0000] {dag.py:3036} INFO - Sync 1 DAGs
[2026-08-30T15:00:59.900+0000] {logging_mixin.py:188} INFO - [2026-08-30T15:00:59.900+0000] {dag.py:3823} INFO - Setting next_dagrun for nyc_taxi_pipeline to 2026-08-30 00:00:00+00:00, run_after=2026-08-31 00:00:00+00:00
[2026-08-30T15:00:59.923+0000] {processor.py:183} INFO - Processing /opt/airflow/dags/nyc_taxi_pipeline.py took 0.084 seconds
[2026-08-30T15:01:29.990+0000] {processor.py:161} INFO - Started process (PID=431) to work on /opt/airflow/dags/nyc_taxi_pipeline.py
[2026-08-30T15:01:29.991+0000] {processor.py:830} INFO - Processing file /opt/airflow/dags/nyc_taxi_pipeline.py for tasks to queue
[2026-08-30T15:01:29.992+0000] {logging_mixin.py:188} INFO - [2026-08-30T15:01:29.991+0000] {dagbag.py:538} INFO - Filling up the DagBag from /opt/airflow/dags/nyc_taxi_pipeline.py
[2026-08-30T15:01:30.009+0000] {processor.py:840} INFO - DAG(s) 'nyc_taxi_pipeline' retrieved from /opt/airflow/dags/nyc_taxi_pipeline.py
[2026-08-30T15:01:30.029+0000] {logging_mixin.py:188} INFO - [2026-08-30T15:01:30.029+0000] {dag.py:3036} INFO - Sync 1 DAGs
[2026-08-30T15:01:30.045+0000] {logging_mixin.py:188} INFO - [2026-08-30T15:01:30.045+0000] {dag.py:3823} INFO - Setting next_dagrun for nyc_taxi_pipeline to 2026-08-30 00:00:00+00:00, run_after=2026-08-31 00:00:00+00:00
[2026-08-30T15:01:30.067+0000] {processor.py:183} INFO - Processing /opt/airflow/dags/nyc_taxi_pipeline.py took 0.080 seconds
[2026-08-30T15:02:00.183+0000] {processor.py:161} INFO - Started process (PID=436) to work on /opt/airflow/dags/nyc_taxi_pipeline.py
[2026-08-30T15:02:00.185+0000] {processor.py:830} INFO - Processing file /opt/airflow/dags/nyc_taxi_pipeline.py for tasks to queue
[2026-08-30T15:02:00.186+0000] {logging_mixin.py:188} INFO - [2026-08-30T15:02:00.185+0000] {dagbag.py:538} INFO - Filling up the DagBag from /opt/airflow/dags/nyc_taxi_pipeline.py
[2026-08-30T15:02:00.208+0000] {processor.py:840} INFO - DAG(s) 'nyc_taxi_pipeline' retrieved from /opt/airflow/dags/nyc_taxi_pipeline.py
[2026-08-30T15:02:00.231+0000] {logging_mixin.py:188} INFO - [2026-08-30T15:02:00.231+0000] {dag.py:3036} INFO - Sync 1 DAGs
[2026-08-30T15:02:00.247+0000] {logging_mixin.py:188} INFO - [2026-08-30T15:02:00.247+0000] {dag.py:3823} INFO - Setting next_dagrun for nyc_taxi_pipeline to 2026-08-30 00:00:00+00:00, run_after=2026-08-31 00:00:00+00:00
[2026-08-30T15:02:00.270+0000] {processor.py:183} INFO - Processing /opt/airflow/dags/nyc_taxi_pipeline.py took 0.088 seconds
[2026-08-30T15:02:30.331+0000] {processor.py:161} INFO - Started process (PID=441) to work on /opt/airflow/dags/nyc_taxi_pipeline.py
[2026-08-30T15:02:30.332+0000] {processor.py:830} INFO - Processing file /opt/airflow/dags/nyc_taxi_pipeline.py for tasks to queue
[2026-08-30T15:02:30.333+0000] {logging_mixin.py:188} INFO - [2026-08-30T15:02:30.333+0000] {dagbag.py:538} INFO - Filling up the DagBag from /opt/airflow/dags/nyc_taxi_pipeline.py
[2026-08-30T15:02:30.352+0000] {processor.py:840} INFO - DAG(s) 'nyc_taxi_pipeline' retrieved from /opt/airflow/dags/nyc_taxi_pipeline.py
[2026-08-30T15:02:30.371+0000] {logging_mixin.py:188} INFO - [2026-08-30T15:02:30.371+0000] {dag.py:3036} INFO - Sync 1 DAGs
[2026-08-30T15:02:30.387+0000] {logging_mixin.py:188} INFO - [2026-08-30T15:02:30.387+0000] {dag.py:3823} INFO - Setting next_dagrun for nyc_taxi_pipeline to 2026-08-30 00:00:00+00:00, run_after=2026-08-31 00:00:00+00:00
[2026-08-30T15:02:30.406+0000] {processor.py:183} INFO - Processing /opt/airflow/dags/nyc_taxi_pipeline.py took 0.080 seconds
[2026-08-30T15:03:00.527+0000] {processor.py:161} INFO - Started process (PID=446) to work on /opt/airflow/dags/nyc_taxi_pipeline.py
[2026-08-30T15:03:00.528+0000] {processor.py:830} INFO - Processing file /opt/airflow/dags/nyc_taxi_pipeline.py for tasks to queue
[2026-08-30T15:03:00.530+0000] {logging_mixin.py:188} INFO - [2026-08-30T15:03:00.529+0000] {dagbag.py:538} INFO - Filling up the DagBag from /opt/airflow/dags/nyc_taxi_pipeline.py
[2026-08-30T15:03:00.545+0000] {processor.py:840} INFO - DAG(s) 'nyc_taxi_pipeline' retrieved from /opt/airflow/dags/nyc_taxi_pipeline.py
[2026-08-30T15:03:00.565+0000] {logging_mixin.py:188} INFO - [2026-08-30T15:03:00.565+0000] {dag.py:3036} INFO - Sync 1 DAGs
[2026-08-30T15:03:00.581+0000] {logging_mixin.py:188} INFO - [2026-08-30T15:03:00.581+0000] {dag.py:3823} INFO - Setting next_dagrun for nyc_taxi_pipeline to 2026-08-30 00:00:00+00:00, run_after=2026-08-31 00:00:00+00:00
[2026-08-30T15:03:00.596+0000] {processor.py:183} INFO - Processing /opt/airflow/dags/nyc_taxi_pipeline.py took 0.071 seconds
[2026-08-30T15:03:30.678+0000] {processor.py:161} INFO - Started process (PID=451) to work on /opt/airflow/dags/nyc_taxi_pipeline.py
[2026-08-30T15:03:30.679+0000] {processor.py:830} INFO - Processing file /opt/airflow/dags/nyc_taxi_pipeline.py for tasks to queue
[2026-08-30T15:03:30.680+0000] {logging_mixin.py:188} INFO - [2026-08-30T15:03:30.680+0000] {dagbag.py:538} INFO - Filling up the DagBag from /opt/airflow/dags/nyc_taxi_pipeline.py
[2026-08-30T15:03:30.697+0000] {processor.py:840} INFO - DAG(s) 'nyc_taxi_pipeline' retrieved from /opt/airflow/dags/nyc_taxi_pipeline.py
[2026-08-30T15:03:30.717+0000] {logging_mixin.py:188} INFO - [2026-08-30T15:03:30.717+0000] {dag.py:3036} INFO - Sync 1 DAGs
[2026-08-30T15:03:30.733+0000] {logging_mixin.py:188} INFO - [2026-08-30T15:03:30.732+0000] {dag.py:3823} INFO - Setting next_dagrun for nyc_taxi_pipeline to 2026-08-30 00:00:00+00:00, run_after=2026-08-31 00:00:00+00:00
[2026-08-30T15:03:30.749+0000] {processor.py:183} INFO - Processing /opt/airflow/dags/nyc_taxi_pipeline.py took 0.073 seconds
[2026-08-30T15:04:00.839+0000] {processor.py:161} INFO - Started process (PID=456) to work on /opt/airflow/dags/nyc_taxi_pipeline.py
[2026-08-30T15:04:00.840+0000] {processor.py:830} INFO - Processing file /opt/airflow/dags/nyc_taxi_pipeline.py for tasks to queue
[2026-08-30T15:04:00.841+0000] {logging_mixin.py:188} INFO - [2026-08-30T15:04:00.841+0000] {dagbag.py:538} INFO - Filling up the DagBag from /opt/airflow/dags/nyc_taxi_pipeline.py
[2026-08-30T15:04:00.858+0000] {processor.py:840} INFO - DAG(s) 'nyc_taxi_pipeline' retrieved from /opt/airflow/dags/nyc_taxi_pipeline.py
[2026-08-30T15:04:00.877+0000] {logging_mixin.py:188} INFO - [2026-08-30T15:04:00.877+0000] {dag.py:3036} INFO - Sync 1 DAGs
[2026-08-30T15:04:00.892+0000] {logging_mixin.py:188} INFO - [2026-08-30T15:04:00.891+0000] {dag.py:3823} INFO - Setting next_dagrun for nyc_taxi_pipeline to 2026-08-30 00:00:00+00:00, run_after=2026-08-31 00:00:00+00:00
[2026-08-30T15:04:00.910+0000] {processor.py:183} INFO - Processing /opt/airflow/dags/nyc_taxi_pipeline.py took 0.073 seconds
[2026-08-30T15:04:30.980+0000] {processor.py:161} INFO - Started process (PID=461) to work on /opt/airflow/dags/nyc_taxi_pipeline.py
[2026-08-30T15:04:30.981+0000] {processor.py:830} INFO - Processing file /opt/airflow/dags/nyc_taxi_pipeline.py for tasks to queue
[2026-08-30T15:04:30.982+0000] {logging_mixin.py:188} INFO - [2026-08-30T15:04:30.982+0000] {dagbag.py:538} INFO - Filling up the DagBag from /opt/airflow/dags/nyc_taxi_pipeline.py
[2026-08-30T15:04:31.002+0000] {processor.py:840} INFO - DAG(s) 'nyc_taxi_pipeline' retrieved from /opt/airflow/dags/nyc_taxi_pipeline.py
[2026-08-30T15:04:31.021+0000] {logging_mixin.py:188} INFO - [2026-08-30T15:04:31.021+0000] {dag.py:3036} INFO - Sync 1 DAGs
[2026-08-30T15:04:31.036+0000] {logging_mixin.py:188} INFO - [2026-08-30T15:04:31.036+0000] {dag.py:3823} INFO - Setting next_dagrun for nyc_taxi_pipeline to 2026-08-30 00:00:00+00:00, run_after=2026-08-31 00:00:00+00:00
[2026-08-30T15:04:31.054+0000] {processor.py:183} INFO - Processing /opt/airflow/dags/nyc_taxi_pipeline.py took 0.076 seconds
[2026-08-30T15:05:01.159+0000] {processor.py:161} INFO - Started process (PID=466) to work on /opt/airflow/dags/nyc_taxi_pipeline.py
[2026-08-30T15:05:01.160+0000] {processor.py:830} INFO - Processing file /opt/airflow/dags/nyc_taxi_pipeline.py for tasks to queue
[2026-08-30T15:05:01.161+0000] {logging_mixin.py:188} INFO - [2026-08-30T15:05:01.161+0000] {dagbag.py:538} INFO - Filling up the DagBag from /opt/airflow/dags/nyc_taxi_pipeline.py
[2026-08-30T15:05:01.180+0000] {processor.py:840} INFO - DAG(s) 'nyc_taxi_pipeline' retrieved from /opt/airflow/dags/nyc_taxi_pipeline.py
[2026-08-30T15:05:01.203+0000] {logging_mixin.py:188} INFO - [2026-08-30T15:05:01.202+0000] {dag.py:3036} INFO - Sync 1 DAGs
[2026-08-30T15:05:01.219+0000] {logging_mixin.py:188} INFO - [2026-08-30T15:05:01.219+0000] {dag.py:3823} INFO - Setting next_dagrun for nyc_taxi_pipeline to 2026-08-30 00:00:00+00:00, run_after=2026-08-31 00:00:00+00:00
[2026-08-30T15:05:01.241+0000] {processor.py:183} INFO - Processing /opt/airflow/dags/nyc_taxi_pipeline.py took 0.084 seconds
[2026-08-30T15:05:31.324+0000] {processor.py:161} INFO - Started process (PID=471) to work on /opt/airflow/dags/nyc_taxi_pipeline.py
[2026-08-30T15:05:31.326+0000] {processor.py:830} INFO - Processing file /opt/airflow/dags/nyc_taxi_pipeline.py for tasks to queue
[2026-08-30T15:05:31.328+0000] {logging_mixin.py:188} INFO - [2026-08-30T15:05:31.327+0000] {dagbag.py:538} INFO - Filling up the DagBag from /opt/airflow/dags/nyc_taxi_pipeline.py
[2026-08-30T15:05:31.354+0000] {processor.py:840} INFO - DAG(s) 'nyc_taxi_pipeline' retrieved from /opt/airflow/dags/nyc_taxi_pipeline.py
[2026-08-30T15:05:31.374+0000] {logging_mixin.py:188} INFO - [2026-08-30T15:05:31.374+0000] {dag.py:3036} INFO - Sync 1 DAGs
[2026-08-30T15:05:31.389+0000] {logging_mixin.py:188} INFO - [2026-08-30T15:05:31.389+0000] {dag.py:3823} INFO - Setting next_dagrun for nyc_taxi_pipeline to 2026-08-30 00:00:00+00:00, run_after=2026-08-31 00:00:00+00:00
[2026-08-30T15:05:31.405+0000] {processor.py:183} INFO - Processing /opt/airflow/dags/nyc_taxi_pipeline.py took 0.084 seconds
[2026-08-30T15:06:01.536+0000] {processor.py:161} INFO - Started process (PID=476) to work on /opt/airflow/dags/nyc_taxi_pipeline.py
[2026-08-30T15:06:01.538+0000] {processor.py:830} INFO - Processing file /opt/airflow/dags/nyc_taxi_pipeline.py for tasks to queue
[2026-08-30T15:06:01.539+0000] {logging_mixin.py:188} INFO - [2026-08-30T15:06:01.538+0000] {dagbag.py:538} INFO - Filling up the DagBag from /opt/airflow/dags/nyc_taxi_pipeline.py
[2026-08-30T15:06:01.556+0000] {processor.py:840} INFO - DAG(s) 'nyc_taxi_pipeline' retrieved from /opt/airflow/dags/nyc_taxi_pipeline.py
[2026-08-30T15:06:01.576+0000] {logging_mixin.py:188} INFO - [2026-08-30T15:06:01.576+0000] {dag.py:3036} INFO - Sync 1 DAGs
[2026-08-30T15:06:01.592+0000] {logging_mixin.py:188} INFO - [2026-08-30T15:06:01.591+0000] {dag.py:3823} INFO - Setting next_dagrun for nyc_taxi_pipeline to 2026-08-30 00:00:00+00:00, run_after=2026-08-31 00:00:00+00:00
[2026-08-30T15:06:01.609+0000] {processor.py:183} INFO - Processing /opt/airflow/dags/nyc_taxi_pipeline.py took 0.075 seconds
[2026-08-30T15:06:31.689+0000] {processor.py:161} INFO - Started process (PID=481) to work on /opt/airflow/dags/nyc_taxi_pipeline.py
[2026-08-30T15:06:31.690+0000] {processor.py:830} INFO - Processing file /opt/airflow/dags/nyc_taxi_pipeline.py for tasks to queue
[2026-08-30T15:06:31.691+0000] {logging_mixin.py:188} INFO - [2026-08-30T15:06:31.690+0000] {dagbag.py:538} INFO - Filling up the DagBag from /opt/airflow/dags/nyc_taxi_pipeline.py
[2026-08-30T15:06:31.711+0000] {processor.py:840} INFO - DAG(s) 'nyc_taxi_pipeline' retrieved from /opt/airflow/dags/nyc_taxi_pipeline.py
[2026-08-30T15:06:31.733+0000] {logging_mixin.py:188} INFO - [2026-08-30T15:06:31.733+0000] {dag.py:3036} INFO - Sync 1 DAGs
[2026-08-30T15:06:31.750+0000] {logging_mixin.py:188} INFO - [2026-08-30T15:06:31.750+0000] {dag.py:3823} INFO - Setting next_dagrun for nyc_taxi_pipeline to 2026-08-30 00:00:00+00:00, run_after=2026-08-31 00:00:00+00:00
[2026-08-30T15:06:31.772+0000] {processor.py:183} INFO - Processing /opt/airflow/dags/nyc_taxi_pipeline.py took 0.086 seconds
[2026-08-30T15:07:01.874+0000] {processor.py:161} INFO - Started process (PID=486) to work on /opt/airflow/dags/nyc_taxi_pipeline.py
[2026-08-30T15:07:01.875+0000] {processor.py:830} INFO - Processing file /opt/airflow/dags/nyc_taxi_pipeline.py for tasks to queue
[2026-08-30T15:07:01.877+0000] {logging_mixin.py:188} INFO - [2026-08-30T15:07:01.876+0000] {dagbag.py:538} INFO - Filling up the DagBag from /opt/airflow/dags/nyc_taxi_pipeline.py
[2026-08-30T15:07:01.895+0000] {processor.py:840} INFO - DAG(s) 'nyc_taxi_pipeline' retrieved from /opt/airflow/dags/nyc_taxi_pipeline.py
[2026-08-30T15:07:01.917+0000] {logging_mixin.py:188} INFO - [2026-08-30T15:07:01.917+0000] {dag.py:3036} INFO - Sync 1 DAGs
[2026-08-30T15:07:01.934+0000] {logging_mixin.py:188} INFO - [2026-08-30T15:07:01.934+0000] {dag.py:3823} INFO - Setting next_dagrun for nyc_taxi_pipeline to 2026-08-30 00:00:00+00:00, run_after=2026-08-31 00:00:00+00:00
[2026-08-30T15:07:01.956+0000] {processor.py:183} INFO - Processing /opt/airflow/dags/nyc_taxi_pipeline.py took 0.084 seconds
[2026-08-30T15:07:32.027+0000] {processor.py:161} INFO - Started process (PID=491) to work on /opt/airflow/dags/nyc_taxi_pipeline.py
[2026-08-30T15:07:32.028+0000] {processor.py:830} INFO - Processing file /opt/airflow/dags/nyc_taxi_pipeline.py for tasks to queue
[2026-08-30T15:07:32.029+0000] {logging_mixin.py:188} INFO - [2026-08-30T15:07:32.029+0000] {dagbag.py:538} INFO - Filling up the DagBag from /opt/airflow/dags/nyc_taxi_pipeline.py
[2026-08-30T15:07:32.047+0000] {processor.py:840} INFO - DAG(s) 'nyc_taxi_pipeline' retrieved from /opt/airflow/dags/nyc_taxi_pipeline.py
[2026-08-30T15:07:32.069+0000] {logging_mixin.py:188} INFO - [2026-08-30T15:07:32.069+0000] {dag.py:3036} INFO - Sync 1 DAGs
[2026-08-30T15:07:32.085+0000] {logging_mixin.py:188} INFO - [2026-08-30T15:07:32.085+0000] {dag.py:3823} INFO - Setting next_dagrun for nyc_taxi_pipeline to 2026-08-30 00:00:00+00:00, run_after=2026-08-31 00:00:00+00:00
[2026-08-30T15:07:32.106+0000] {processor.py:183} INFO - Processing /opt/airflow/dags/nyc_taxi_pipeline.py took 0.081 seconds
[2026-08-30T15:08:02.212+0000] {processor.py:161} INFO - Started process (PID=496) to work on /opt/airflow/dags/nyc_taxi_pipeline.py
[2026-08-30T15:08:02.213+0000] {processor.py:830} INFO - Processing file /opt/airflow/dags/nyc_taxi_pipeline.py for tasks to queue
[2026-08-30T15:08:02.214+0000] {logging_mixin.py:188} INFO - [2026-08-30T15:08:02.214+0000] {dagbag.py:538} INFO - Filling up the DagBag from /opt/airflow/dags/nyc_taxi_pipeline.py
[2026-08-30T15:08:02.232+0000] {processor.py:840} INFO - DAG(s) 'nyc_taxi_pipeline' retrieved from /opt/airflow/dags/nyc_taxi_pipeline.py
[2026-08-30T15:08:02.252+0000] {logging_mixin.py:188} INFO - [2026-08-30T15:08:02.252+0000] {dag.py:3036} INFO - Sync 1 DAGs
[2026-08-30T15:08:02.268+0000] {logging_mixin.py:188} INFO - [2026-08-30T15:08:02.268+0000] {dag.py:3823} INFO - Setting next_dagrun for nyc_taxi_pipeline to 2026-08-30 00:00:00+00:00, run_after=2026-08-31 00:00:00+00:00
[2026-08-30T15:08:02.291+0000] {processor.py:183} INFO - Processing /opt/airflow/dags/nyc_taxi_pipeline.py took 0.081 seconds
[2026-08-30T15:08:32.349+0000] {processor.py:161} INFO - Started process (PID=501) to work on /opt/airflow/dags/nyc_taxi_pipeline.py
[2026-08-30T15:08:32.351+0000] {processor.py:830} INFO - Processing file /opt/airflow/dags/nyc_taxi_pipeline.py for tasks to queue
[2026-08-30T15:08:32.352+0000] {logging_mixin.py:188} INFO - [2026-08-30T15:08:32.352+0000] {dagbag.py:538} INFO - Filling up the DagBag from /opt/airflow/dags/nyc_taxi_pipeline.py
[2026-08-30T15:08:32.372+0000] {processor.py:840} INFO - DAG(s) 'nyc_taxi_pipeline' retrieved from /opt/airflow/dags/nyc_taxi_pipeline.py
[2026-08-30T15:08:32.393+0000] {logging_mixin.py:188} INFO - [2026-08-30T15:08:32.393+0000] {dag.py:3036} INFO - Sync 1 DAGs
[2026-08-30T15:08:32.409+0000] {logging_mixin.py:188} INFO - [2026-08-30T15:08:32.408+0000] {dag.py:3823} INFO - Setting next_dagrun for nyc_taxi_pipeline to 2026-08-30 00:00:00+00:00, run_after=2026-08-31 00:00:00+00:00
[2026-08-30T15:08:32.430+0000] {processor.py:183} INFO - Processing /opt/airflow/dags/nyc_taxi_pipeline.py took 0.083 seconds
[2026-08-30T15:09:02.554+0000] {processor.py:161} INFO - Started process (PID=506) to work on /opt/airflow/dags/nyc_taxi_pipeline.py
[2026-08-30T15:09:02.555+0000] {processor.py:830} INFO - Processing file /opt/airflow/dags/nyc_taxi_pipeline.py for tasks to queue
[2026-08-30T15:09:02.556+0000] {logging_mixin.py:188} INFO - [2026-08-30T15:09:02.556+0000] {dagbag.py:538} INFO - Filling up the DagBag from /opt/airflow/dags/nyc_taxi_pipeline.py
[2026-08-30T15:09:02.574+0000] {processor.py:840} INFO - DAG(s) 'nyc_taxi_pipeline' retrieved from /opt/airflow/dags/nyc_taxi_pipeline.py
[2026-08-30T15:09:02.593+0000] {logging_mixin.py:188} INFO - [2026-08-30T15:09:02.593+0000] {dag.py:3036} INFO - Sync 1 DAGs
[2026-08-30T15:09:02.609+0000] {logging_mixin.py:188} INFO - [2026-08-30T15:09:02.609+0000] {dag.py:3823} INFO - Setting next_dagrun for nyc_taxi_pipeline to 2026-08-30 00:00:00+00:00, run_after=2026-08-31 00:00:00+00:00
[2026-08-30T15:09:02.625+0000] {processor.py:183} INFO - Processing /opt/airflow/dags/nyc_taxi_pipeline.py took 0.073 seconds
[2026-08-30T15:09:32.709+0000] {processor.py:161} INFO - Started process (PID=511) to work on /opt/airflow/dags/nyc_taxi_pipeline.py
[2026-08-30T15:09:32.710+0000] {processor.py:830} INFO - Processing file /opt/airflow/dags/nyc_taxi_pipeline.py for tasks to queue
[2026-08-30T15:09:32.711+0000] {logging_mixin.py:188} INFO - [2026-08-30T15:09:32.711+0000] {dagbag.py:538} INFO - Filling up the DagBag from /opt/airflow/dags/nyc_taxi_pipeline.py
[2026-08-30T15:09:32.730+0000] {processor.py:840} INFO - DAG(s) 'nyc_taxi_pipeline' retrieved from /opt/airflow/dags/nyc_taxi_pipeline.py
[2026-08-30T15:09:32.750+0000] {logging_mixin.py:188} INFO - [2026-08-30T15:09:32.750+0000] {dag.py:3036} INFO - Sync 1 DAGs
[2026-08-30T15:09:32.766+0000] {logging_mixin.py:188} INFO - [2026-08-30T15:09:32.766+0000] {dag.py:3823} INFO - Setting next_dagrun for nyc_taxi_pipeline to 2026-08-30 00:00:00+00:00, run_after=2026-08-31 00:00:00+00:00
[2026-08-30T15:09:32.782+0000] {processor.py:183} INFO - Processing /opt/airflow/dags/nyc_taxi_pipeline.py took 0.075 seconds
[2026-08-30T15:10:02.889+0000] {processor.py:161} INFO - Started process (PID=516) to work on /opt/airflow/dags/nyc_taxi_pipeline.py
[2026-08-30T15:10:02.889+0000] {processor.py:830} INFO - Processing file /opt/airflow/dags/nyc_taxi_pipeline.py for tasks to queue
[2026-08-30T15:10:02.890+0000] {logging_mixin.py:188} INFO - [2026-08-30T15:10:02.890+0000] {dagbag.py:538} INFO - Filling up the DagBag from /opt/airflow/dags/nyc_taxi_pipeline.py
[2026-08-30T15:10:02.908+0000] {processor.py:840} INFO - DAG(s) 'nyc_taxi_pipeline' retrieved from /opt/airflow/dags/nyc_taxi_pipeline.py
[2026-08-30T15:10:02.929+0000] {logging_mixin.py:188} INFO - [2026-08-30T15:10:02.929+0000] {dag.py:3036} INFO - Sync 1 DAGs
[2026-08-30T15:10:02.946+0000] {logging_mixin.py:188} INFO - [2026-08-30T15:10:02.946+0000] {dag.py:3823} INFO - Setting next_dagrun for nyc_taxi_pipeline to 2026-08-30 00:00:00+00:00, run_after=2026-08-31 00:00:00+00:00
[2026-08-30T15:10:02.963+0000] {processor.py:183} INFO - Processing /opt/airflow/dags/nyc_taxi_pipeline.py took 0.077 seconds
[2026-08-30T15:10:33.046+0000] {processor.py:161} INFO - Started process (PID=521) to work on /opt/airflow/dags/nyc_taxi_pipeline.py
[2026-08-30T15:10:33.047+0000] {processor.py:830} INFO - Processing file /opt/airflow/dags/nyc_taxi_pipeline.py for tasks to queue
[2026-08-30T15:10:33.048+0000] {logging_mixin.py:188} INFO - [2026-08-30T15:10:33.048+0000] {dagbag.py:538} INFO - Filling up the DagBag from /opt/airflow/dags/nyc_taxi_pipeline.py
[2026-08-30T15:10:33.066+0000] {processor.py:840} INFO - DAG(s) 'nyc_taxi_pipeline' retrieved from /opt/airflow/dags/nyc_taxi_pipeline.py
[2026-08-30T15:10:33.087+0000] {logging_mixin.py:188} INFO - [2026-08-30T15:10:33.087+0000] {dag.py:3036} INFO - Sync 1 DAGs
[2026-08-30T15:10:33.103+0000] {logging_mixin.py:188} INFO - [2026-08-30T15:10:33.103+0000] {dag.py:3823} INFO - Setting next_dagrun for nyc_taxi_pipeline to 2026-08-30 00:00:00+00:00, run_after=2026-08-31 00:00:00+00:00
[2026-08-30T15:10:33.123+0000] {processor.py:183} INFO - Processing /opt/airflow/dags/nyc_taxi_pipeline.py took 0.079 seconds
[2026-08-30T15:11:03.258+0000] {processor.py:161} INFO - Started process (PID=526) to work on /opt/airflow/dags/nyc_taxi_pipeline.py
[2026-08-30T15:11:03.259+0000] {processor.py:830} INFO - Processing file /opt/airflow/dags/nyc_taxi_pipeline.py for tasks to queue
[2026-08-30T15:11:03.260+0000] {logging_mixin.py:188} INFO - [2026-08-30T15:11:03.260+0000] {dagbag.py:538} INFO - Filling up the DagBag from /opt/airflow/dags/nyc_taxi_pipeline.py
[2026-08-30T15:11:03.279+0000] {processor.py:840} INFO - DAG(s) 'nyc_taxi_pipeline' retrieved from /opt/airflow/dags/nyc_taxi_pipeline.py
[2026-08-30T15:11:03.299+0000] {logging_mixin.py:188} INFO - [2026-08-30T15:11:03.298+0000] {dag.py:3036} INFO - Sync 1 DAGs
[2026-08-30T15:11:03.316+0000] {logging_mixin.py:188} INFO - [2026-08-30T15:11:03.315+0000] {dag.py:3823} INFO - Setting next_dagrun for nyc_taxi_pipeline to 2026-08-30 00:00:00+00:00, run_after=2026-08-31 00:00:00+00:00
[2026-08-30T15:11:03.332+0000] {processor.py:183} INFO - Processing /opt/airflow/dags/nyc_taxi_pipeline.py took 0.076 seconds
[2026-08-30T15:11:33.406+0000] {processor.py:161} INFO - Started process (PID=531) to work on /opt/airflow/dags/nyc_taxi_pipeline.py
[2026-08-30T15:11:33.407+0000] {processor.py:830} INFO - Processing file /opt/airflow/dags/nyc_taxi_pipeline.py for tasks to queue
[2026-08-30T15:11:33.408+0000] {logging_mixin.py:188} INFO - [2026-08-30T15:11:33.408+0000] {dagbag.py:538} INFO - Filling up the DagBag from /opt/airflow/dags/nyc_taxi_pipeline.py
[2026-08-30T15:11:33.428+0000] {processor.py:840} INFO - DAG(s) 'nyc_taxi_pipeline' retrieved from /opt/airflow/dags/nyc_taxi_pipeline.py
[2026-08-30T15:11:33.447+0000] {logging_mixin.py:188} INFO - [2026-08-30T15:11:33.447+0000] {dag.py:3036} INFO - Sync 1 DAGs
[2026-08-30T15:11:33.463+0000] {logging_mixin.py:188} INFO - [2026-08-30T15:11:33.462+0000] {dag.py:3823} INFO - Setting next_dagrun for nyc_taxi_pipeline to 2026-08-30 00:00:00+00:00, run_after=2026-08-31 00:00:00+00:00
[2026-08-30T15:11:33.480+0000] {processor.py:183} INFO - Processing /opt/airflow/dags/nyc_taxi_pipeline.py took 0.076 seconds
[2026-08-30T15:12:03.608+0000] {processor.py:161} INFO - Started process (PID=716) to work on /opt/airflow/dags/nyc_taxi_pipeline.py
[2026-08-30T15:12:03.610+0000] {processor.py:830} INFO - Processing file /opt/airflow/dags/nyc_taxi_pipeline.py for tasks to queue
[2026-08-30T15:12:03.611+0000] {logging_mixin.py:188} INFO - [2026-08-30T15:12:03.611+0000] {dagbag.py:538} INFO - Filling up the DagBag from /opt/airflow/dags/nyc_taxi_pipeline.py
[2026-08-30T15:12:03.644+0000] {processor.py:840} INFO - DAG(s) 'nyc_taxi_pipeline' retrieved from /opt/airflow/dags/nyc_taxi_pipeline.py
[2026-08-30T15:12:03.675+0000] {logging_mixin.py:188} INFO - [2026-08-30T15:12:03.675+0000] {dag.py:3036} INFO - Sync 1 DAGs
[2026-08-30T15:12:03.698+0000] {logging_mixin.py:188} INFO - [2026-08-30T15:12:03.698+0000] {dag.py:3823} INFO - Setting next_dagrun for nyc_taxi_pipeline to 2026-08-30 00:00:00+00:00, run_after=2026-08-31 00:00:00+00:00
[2026-08-30T15:12:03.717+0000] {processor.py:183} INFO - Processing /opt/airflow/dags/nyc_taxi_pipeline.py took 0.112 seconds
[2026-08-30T15:12:33.755+0000] {processor.py:161} INFO - Started process (PID=831) to work on /opt/airflow/dags/nyc_taxi_pipeline.py
[2026-08-30T15:12:33.757+0000] {processor.py:830} INFO - Processing file /opt/airflow/dags/nyc_taxi_pipeline.py for tasks to queue
[2026-08-30T15:12:33.759+0000] {logging_mixin.py:188} INFO - [2026-08-30T15:12:33.758+0000] {dagbag.py:538} INFO - Filling up the DagBag from /opt/airflow/dags/nyc_taxi_pipeline.py
[2026-08-30T15:12:33.779+0000] {processor.py:840} INFO - DAG(s) 'nyc_taxi_pipeline' retrieved from /opt/airflow/dags/nyc_taxi_pipeline.py
[2026-08-30T15:12:33.802+0000] {logging_mixin.py:188} INFO - [2026-08-30T15:12:33.801+0000] {dag.py:3036} INFO - Sync 1 DAGs
[2026-08-30T15:12:33.821+0000] {logging_mixin.py:188} INFO - [2026-08-30T15:12:33.820+0000] {dag.py:3823} INFO - Setting next_dagrun for nyc_taxi_pipeline to 2026-08-30 00:00:00+00:00, run_after=2026-08-31 00:00:00+00:00
[2026-08-30T15:12:33.843+0000] {processor.py:183} INFO - Processing /opt/airflow/dags/nyc_taxi_pipeline.py took 0.090 seconds
[2026-08-30T15:13:03.987+0000] {processor.py:161} INFO - Started process (PID=836) to work on /opt/airflow/dags/nyc_taxi_pipeline.py
[2026-08-30T15:13:03.988+0000] {processor.py:830} INFO - Processing file /opt/airflow/dags/nyc_taxi_pipeline.py for tasks to queue
[2026-08-30T15:13:03.989+0000] {logging_mixin.py:188} INFO - [2026-08-30T15:13:03.988+0000] {dagbag.py:538} INFO - Filling up the DagBag from /opt/airflow/dags/nyc_taxi_pipeline.py
[2026-08-30T15:13:04.028+0000] {processor.py:840} INFO - DAG(s) 'nyc_taxi_pipeline' retrieved from /opt/airflow/dags/nyc_taxi_pipeline.py
[2026-08-30T15:13:04.075+0000] {logging_mixin.py:188} INFO - [2026-08-30T15:13:04.075+0000] {dag.py:3036} INFO - Sync 1 DAGs
[2026-08-30T15:13:04.095+0000] {logging_mixin.py:188} INFO - [2026-08-30T15:13:04.094+0000] {dag.py:3823} INFO - Setting next_dagrun for nyc_taxi_pipeline to 2026-08-30 00:00:00+00:00, run_after=2026-08-31 00:00:00+00:00
[2026-08-30T15:13:04.118+0000] {processor.py:183} INFO - Processing /opt/airflow/dags/nyc_taxi_pipeline.py took 0.134 seconds
[2026-08-30T15:13:34.257+0000] {processor.py:161} INFO - Started process (PID=841) to work on /opt/airflow/dags/nyc_taxi_pipeline.py
[2026-08-30T15:13:34.259+0000] {processor.py:830} INFO - Processing file /opt/airflow/dags/nyc_taxi_pipeline.py for tasks to queue
[2026-08-30T15:13:34.260+0000] {logging_mixin.py:188} INFO - [2026-08-30T15:13:34.260+0000] {dagbag.py:538} INFO - Filling up the DagBag from /opt/airflow/dags/nyc_taxi_pipeline.py
[2026-08-30T15:13:34.278+0000] {processor.py:840} INFO - DAG(s) 'nyc_taxi_pipeline' retrieved from /opt/airflow/dags/nyc_taxi_pipeline.py
[2026-08-30T15:13:34.301+0000] {logging_mixin.py:188} INFO - [2026-08-30T15:13:34.301+0000] {dag.py:3036} INFO - Sync 1 DAGs
[2026-08-30T15:13:34.319+0000] {logging_mixin.py:188} INFO - [2026-08-30T15:13:34.319+0000] {dag.py:3823} INFO - Setting next_dagrun for nyc_taxi_pipeline to 2026-08-30 00:00:00+00:00, run_after=2026-08-31 00:00:00+00:00
[2026-08-30T15:13:34.347+0000] {processor.py:183} INFO - Processing /opt/airflow/dags/nyc_taxi_pipeline.py took 0.092 seconds
[2026-08-30T15:14:04.395+0000] {processor.py:161} INFO - Started process (PID=846) to work on /opt/airflow/dags/nyc_taxi_pipeline.py
[2026-08-30T15:14:04.398+0000] {processor.py:830} INFO - Processing file /opt/airflow/dags/nyc_taxi_pipeline.py for tasks to queue
[2026-08-30T15:14:04.399+0000] {logging_mixin.py:188} INFO - [2026-08-30T15:14:04.399+0000] {dagbag.py:538} INFO - Filling up the DagBag from /opt/airflow/dags/nyc_taxi_pipeline.py
[2026-08-30T15:14:04.418+0000] {processor.py:840} INFO - DAG(s) 'nyc_taxi_pipeline' retrieved from /opt/airflow/dags/nyc_taxi_pipeline.py
[2026-08-30T15:14:04.438+0000] {logging_mixin.py:188} INFO - [2026-08-30T15:14:04.438+0000] {dag.py:3036} INFO - Sync 1 DAGs
[2026-08-30T15:14:04.453+0000] {logging_mixin.py:188} INFO - [2026-08-30T15:14:04.453+0000] {dag.py:3823} INFO - Setting next_dagrun for nyc_taxi_pipeline to 2026-08-30 00:00:00+00:00, run_after=2026-08-31 00:00:00+00:00
[2026-08-30T15:14:04.474+0000] {processor.py:183} INFO - Processing /opt/airflow/dags/nyc_taxi_pipeline.py took 0.082 seconds
[2026-08-30T15:14:34.620+0000] {processor.py:161} INFO - Started process (PID=851) to work on /opt/airflow/dags/nyc_taxi_pipeline.py
[2026-08-30T15:14:34.621+0000] {processor.py:830} INFO - Processing file /opt/airflow/dags/nyc_taxi_pipeline.py for tasks to queue
[2026-08-30T15:14:34.623+0000] {logging_mixin.py:188} INFO - [2026-08-30T15:14:34.622+0000] {dagbag.py:538} INFO - Filling up the DagBag from /opt/airflow/dags/nyc_taxi_pipeline.py
[2026-08-30T15:14:34.644+0000] {processor.py:840} INFO - DAG(s) 'nyc_taxi_pipeline' retrieved from /opt/airflow/dags/nyc_taxi_pipeline.py
[2026-08-30T15:14:34.667+0000] {logging_mixin.py:188} INFO - [2026-08-30T15:14:34.666+0000] {dag.py:3036} INFO - Sync 1 DAGs
[2026-08-30T15:14:34.686+0000] {logging_mixin.py:188} INFO - [2026-08-30T15:14:34.686+0000] {dag.py:3823} INFO - Setting next_dagrun for nyc_taxi_pipeline to 2026-08-30 00:00:00+00:00, run_after=2026-08-31 00:00:00+00:00
[2026-08-30T15:14:34.708+0000] {processor.py:183} INFO - Processing /opt/airflow/dags/nyc_taxi_pipeline.py took 0.090 seconds
[2026-08-30T15:15:04.760+0000] {processor.py:161} INFO - Started process (PID=856) to work on /opt/airflow/dags/nyc_taxi_pipeline.py
[2026-08-30T15:15:04.761+0000] {processor.py:830} INFO - Processing file /opt/airflow/dags/nyc_taxi_pipeline.py for tasks to queue
[2026-08-30T15:15:04.762+0000] {logging_mixin.py:188} INFO - [2026-08-30T15:15:04.762+0000] {dagbag.py:538} INFO - Filling up the DagBag from /opt/airflow/dags/nyc_taxi_pipeline.py
[2026-08-30T15:15:04.780+0000] {processor.py:840} INFO - DAG(s) 'nyc_taxi_pipeline' retrieved from /opt/airflow/dags/nyc_taxi_pipeline.py
[2026-08-30T15:15:04.800+0000] {logging_mixin.py:188} INFO - [2026-08-30T15:15:04.800+0000] {dag.py:3036} INFO - Sync 1 DAGs
[2026-08-30T15:15:04.817+0000] {logging_mixin.py:188} INFO - [2026-08-30T15:15:04.817+0000] {dag.py:3823} INFO - Setting next_dagrun for nyc_taxi_pipeline to 2026-08-30 00:00:00+00:00, run_after=2026-08-31 00:00:00+00:00
[2026-08-30T15:15:04.843+0000] {processor.py:183} INFO - Processing /opt/airflow/dags/nyc_taxi_pipeline.py took 0.086 seconds
[2026-08-30T15:15:34.958+0000] {processor.py:161} INFO - Started process (PID=861) to work on /opt/airflow/dags/nyc_taxi_pipeline.py
[2026-08-30T15:15:34.959+0000] {processor.py:830} INFO - Processing file /opt/airflow/dags/nyc_taxi_pipeline.py for tasks to queue
[2026-08-30T15:15:34.960+0000] {logging_mixin.py:188} INFO - [2026-08-30T15:15:34.959+0000] {dagbag.py:538} INFO - Filling up the DagBag from /opt/airflow/dags/nyc_taxi_pipeline.py
[2026-08-30T15:15:34.979+0000] {processor.py:840} INFO - DAG(s) 'nyc_taxi_pipeline' retrieved from /opt/airflow/dags/nyc_taxi_pipeline.py
[2026-08-30T15:15:35.000+0000] {logging_mixin.py:188} INFO - [2026-08-30T15:15:35.000+0000] {dag.py:3036} INFO - Sync 1 DAGs
[2026-08-30T15:15:35.017+0000] {logging_mixin.py:188} INFO - [2026-08-30T15:15:35.017+0000] {dag.py:3823} INFO - Setting next_dagrun for nyc_taxi_pipeline to 2026-08-30 00:00:00+00:00, run_after=2026-08-31 00:00:00+00:00
[2026-08-30T15:15:35.038+0000] {processor.py:183} INFO - Processing /opt/airflow/dags/nyc_taxi_pipeline.py took 0.083 seconds
[2026-08-30T15:16:05.116+0000] {processor.py:161} INFO - Started process (PID=866) to work on /opt/airflow/dags/nyc_taxi_pipeline.py
[2026-08-30T15:16:05.117+0000] {processor.py:830} INFO - Processing file /opt/airflow/dags/nyc_taxi_pipeline.py for tasks to queue
[2026-08-30T15:16:05.118+0000] {logging_mixin.py:188} INFO - [2026-08-30T15:16:05.117+0000] {dagbag.py:538} INFO - Filling up the DagBag from /opt/airflow/dags/nyc_taxi_pipeline.py
[2026-08-30T15:16:05.137+0000] {processor.py:840} INFO - DAG(s) 'nyc_taxi_pipeline' retrieved from /opt/airflow/dags/nyc_taxi_pipeline.py
[2026-08-30T15:16:05.156+0000] {logging_mixin.py:188} INFO - [2026-08-30T15:16:05.156+0000] {dag.py:3036} INFO - Sync 1 DAGs
[2026-08-30T15:16:05.171+0000] {logging_mixin.py:188} INFO - [2026-08-30T15:16:05.171+0000] {dag.py:3823} INFO - Setting next_dagrun for nyc_taxi_pipeline to 2026-08-30 00:00:00+00:00, run_after=2026-08-31 00:00:00+00:00
[2026-08-30T15:16:05.191+0000] {processor.py:183} INFO - Processing /opt/airflow/dags/nyc_taxi_pipeline.py took 0.078 seconds
[2026-08-30T15:16:35.280+0000] {processor.py:161} INFO - Started process (PID=871) to work on /opt/airflow/dags/nyc_taxi_pipeline.py
[2026-08-30T15:16:35.281+0000] {processor.py:830} INFO - Processing file /opt/airflow/dags/nyc_taxi_pipeline.py for tasks to queue
[2026-08-30T15:16:35.282+0000] {logging_mixin.py:188} INFO - [2026-08-30T15:16:35.281+0000] {dagbag.py:538} INFO - Filling up the DagBag from /opt/airflow/dags/nyc_taxi_pipeline.py
[2026-08-30T15:16:35.301+0000] {processor.py:840} INFO - DAG(s) 'nyc_taxi_pipeline' retrieved from /opt/airflow/dags/nyc_taxi_pipeline.py
[2026-08-30T15:16:35.321+0000] {logging_mixin.py:188} INFO - [2026-08-30T15:16:35.320+0000] {dag.py:3036} INFO - Sync 1 DAGs
[2026-08-30T15:16:35.335+0000] {logging_mixin.py:188} INFO - [2026-08-30T15:16:35.335+0000] {dag.py:3823} INFO - Setting next_dagrun for nyc_taxi_pipeline to 2026-08-30 00:00:00+00:00, run_after=2026-08-31 00:00:00+00:00
[2026-08-30T15:16:35.350+0000] {processor.py:183} INFO - Processing /opt/airflow/dags/nyc_taxi_pipeline.py took 0.072 seconds
[2026-08-30T15:17:05.445+0000] {processor.py:161} INFO - Started process (PID=876) to work on /opt/airflow/dags/nyc_taxi_pipeline.py
[2026-08-30T15:17:05.447+0000] {processor.py:830} INFO - Processing file /opt/airflow/dags/nyc_taxi_pipeline.py for tasks to queue
[2026-08-30T15:17:05.448+0000] {logging_mixin.py:188} INFO - [2026-08-30T15:17:05.448+0000] {dagbag.py:538} INFO - Filling up the DagBag from /opt/airflow/dags/nyc_taxi_pipeline.py
[2026-08-30T15:17:05.468+0000] {processor.py:840} INFO - DAG(s) 'nyc_taxi_pipeline' retrieved from /opt/airflow/dags/nyc_taxi_pipeline.py
[2026-08-30T15:17:05.486+0000] {logging_mixin.py:188} INFO - [2026-08-30T15:17:05.486+0000] {dag.py:3036} INFO - Sync 1 DAGs
[2026-08-30T15:17:05.501+0000] {logging_mixin.py:188} INFO - [2026-08-30T15:17:05.501+0000] {dag.py:3823} INFO - Setting next_dagrun for nyc_taxi_pipeline to 2026-08-30 00:00:00+00:00, run_after=2026-08-31 00:00:00+00:00
[2026-08-30T15:17:05.518+0000] {processor.py:183} INFO - Processing /opt/airflow/dags/nyc_taxi_pipeline.py took 0.075 seconds
[2026-08-30T15:17:35.605+0000] {processor.py:161} INFO - Started process (PID=881) to work on /opt/airflow/dags/nyc_taxi_pipeline.py
[2026-08-30T15:17:35.606+0000] {processor.py:830} INFO - Processing file /opt/airflow/dags/nyc_taxi_pipeline.py for tasks to queue
[2026-08-30T15:17:35.607+0000] {logging_mixin.py:188} INFO - [2026-08-30T15:17:35.607+0000] {dagbag.py:538} INFO - Filling up the DagBag from /opt/airflow/dags/nyc_taxi_pipeline.py
[2026-08-30T15:17:35.628+0000] {processor.py:840} INFO - DAG(s) 'nyc_taxi_pipeline' retrieved from /opt/airflow/dags/nyc_taxi_pipeline.py
[2026-08-30T15:17:35.650+0000] {logging_mixin.py:188} INFO - [2026-08-30T15:17:35.650+0000] {dag.py:3036} INFO - Sync 1 DAGs
[2026-08-30T15:17:35.667+0000] {logging_mixin.py:188} INFO - [2026-08-30T15:17:35.667+0000] {dag.py:3823} INFO - Setting next_dagrun for nyc_taxi_pipeline to 2026-08-30 00:00:00+00:00, run_after=2026-08-31 00:00:00+00:00
[2026-08-30T15:17:35.686+0000] {processor.py:183} INFO - Processing /opt/airflow/dags/nyc_taxi_pipeline.py took 0.083 seconds
[2026-08-30T15:18:05.779+0000] {processor.py:161} INFO - Started process (PID=886) to work on /opt/airflow/dags/nyc_taxi_pipeline.py
[2026-08-30T15:18:05.781+0000] {processor.py:830} INFO - Processing file /opt/airflow/dags/nyc_taxi_pipeline.py for tasks to queue
[2026-08-30T15:18:05.782+0000] {logging_mixin.py:188} INFO - [2026-08-30T15:18:05.782+0000] {dagbag.py:538} INFO - Filling up the DagBag from /opt/airflow/dags/nyc_taxi_pipeline.py
[2026-08-30T15:18:05.800+0000] {processor.py:840} INFO - DAG(s) 'nyc_taxi_pipeline' retrieved from /opt/airflow/dags/nyc_taxi_pipeline.py
[2026-08-30T15:18:05.820+0000] {logging_mixin.py:188} INFO - [2026-08-30T15:18:05.820+0000] {dag.py:3036} INFO - Sync 1 DAGs
[2026-08-30T15:18:05.835+0000] {logging_mixin.py:188} INFO - [2026-08-30T15:18:05.835+0000] {dag.py:3823} INFO - Setting next_dagrun for nyc_taxi_pipeline to 2026-08-30 00:00:00+00:00, run_after=2026-08-31 00:00:00+00:00
[2026-08-30T15:18:05.850+0000] {processor.py:183} INFO - Processing /opt/airflow/dags/nyc_taxi_pipeline.py took 0.073 seconds
[2026-08-30T15:18:35.939+0000] {processor.py:161} INFO - Started process (PID=891) to work on /opt/airflow/dags/nyc_taxi_pipeline.py
[2026-08-30T15:18:35.940+0000] {processor.py:830} INFO - Processing file /opt/airflow/dags/nyc_taxi_pipeline.py for tasks to queue
[2026-08-30T15:18:35.941+0000] {logging_mixin.py:188} INFO - [2026-08-30T15:18:35.941+0000] {dagbag.py:538} INFO - Filling up the DagBag from /opt/airflow/dags/nyc_taxi_pipeline.py
[2026-08-30T15:18:35.961+0000] {processor.py:840} INFO - DAG(s) 'nyc_taxi_pipeline' retrieved from /opt/airflow/dags/nyc_taxi_pipeline.py
[2026-08-30T15:18:35.982+0000] {logging_mixin.py:188} INFO - [2026-08-30T15:18:35.981+0000] {dag.py:3036} INFO - Sync 1 DAGs
[2026-08-30T15:18:35.999+0000] {logging_mixin.py:188} INFO - [2026-08-30T15:18:35.999+0000] {dag.py:3823} INFO - Setting next_dagrun for nyc_taxi_pipeline to 2026-08-30 00:00:00+00:00, run_after=2026-08-31 00:00:00+00:00
[2026-08-30T15:18:36.017+0000] {processor.py:183} INFO - Processing /opt/airflow/dags/nyc_taxi_pipeline.py took 0.080 seconds
[2026-08-30T15:19:06.104+0000] {processor.py:161} INFO - Started process (PID=896) to work on /opt/airflow/dags/nyc_taxi_pipeline.py
[2026-08-30T15:19:06.105+0000] {processor.py:830} INFO - Processing file /opt/airflow/dags/nyc_taxi_pipeline.py for tasks to queue
[2026-08-30T15:19:06.107+0000] {logging_mixin.py:188} INFO - [2026-08-30T15:19:06.106+0000] {dagbag.py:538} INFO - Filling up the DagBag from /opt/airflow/dags/nyc_taxi_pipeline.py
[2026-08-30T15:19:06.123+0000] {processor.py:840} INFO - DAG(s) 'nyc_taxi_pipeline' retrieved from /opt/airflow/dags/nyc_taxi_pipeline.py
[2026-08-30T15:19:06.142+0000] {logging_mixin.py:188} INFO - [2026-08-30T15:19:06.142+0000] {dag.py:3036} INFO - Sync 1 DAGs
[2026-08-30T15:19:06.157+0000] {logging_mixin.py:188} INFO - [2026-08-30T15:19:06.157+0000] {dag.py:3823} INFO - Setting next_dagrun for nyc_taxi_pipeline to 2026-08-30 00:00:00+00:00, run_after=2026-08-31 00:00:00+00:00
[2026-08-30T15:19:06.178+0000] {processor.py:183} INFO - Processing /opt/airflow/dags/nyc_taxi_pipeline.py took 0.076 seconds
[2026-08-30T15:19:36.282+0000] {processor.py:161} INFO - Started process (PID=901) to work on /opt/airflow/dags/nyc_taxi_pipeline.py
[2026-08-30T15:19:36.283+0000] {processor.py:830} INFO - Processing file /opt/airflow/dags/nyc_taxi_pipeline.py for tasks to queue
[2026-08-30T15:19:36.285+0000] {logging_mixin.py:188} INFO - [2026-08-30T15:19:36.284+0000] {dagbag.py:538} INFO - Filling up the DagBag from /opt/airflow/dags/nyc_taxi_pipeline.py
[2026-08-30T15:19:36.304+0000] {processor.py:840} INFO - DAG(s) 'nyc_taxi_pipeline' retrieved from /opt/airflow/dags/nyc_taxi_pipeline.py
[2026-08-30T15:19:36.324+0000] {logging_mixin.py:188} INFO - [2026-08-30T15:19:36.324+0000] {dag.py:3036} INFO - Sync 1 DAGs
[2026-08-30T15:19:36.343+0000] {logging_mixin.py:188} INFO - [2026-08-30T15:19:36.342+0000] {dag.py:3823} INFO - Setting next_dagrun for nyc_taxi_pipeline to 2026-08-30 00:00:00+00:00, run_after=2026-08-31 00:00:00+00:00
[2026-08-30T15:19:36.365+0000] {processor.py:183} INFO - Processing /opt/airflow/dags/nyc_taxi_pipeline.py took 0.086 seconds
[2026-08-30T15:20:06.434+0000] {processor.py:161} INFO - Started process (PID=906) to work on /opt/airflow/dags/nyc_taxi_pipeline.py
[2026-08-30T15:20:06.435+0000] {processor.py:830} INFO - Processing file /opt/airflow/dags/nyc_taxi_pipeline.py for tasks to queue
[2026-08-30T15:20:06.436+0000] {logging_mixin.py:188} INFO - [2026-08-30T15:20:06.436+0000] {dagbag.py:538} INFO - Filling up the DagBag from /opt/airflow/dags/nyc_taxi_pipeline.py
[2026-08-30T15:20:06.459+0000] {processor.py:840} INFO - DAG(s) 'nyc_taxi_pipeline' retrieved from /opt/airflow/dags/nyc_taxi_pipeline.py
[2026-08-30T15:20:06.482+0000] {logging_mixin.py:188} INFO - [2026-08-30T15:20:06.482+0000] {dag.py:3036} INFO - Sync 1 DAGs
[2026-08-30T15:20:06.499+0000] {logging_mixin.py:188} INFO - [2026-08-30T15:20:06.499+0000] {dag.py:3823} INFO - Setting next_dagrun for nyc_taxi_pipeline to 2026-08-30 00:00:00+00:00, run_after=2026-08-31 00:00:00+00:00
[2026-08-30T15:20:06.517+0000] {processor.py:183} INFO - Processing /opt/airflow/dags/nyc_taxi_pipeline.py took 0.085 seconds
[2026-08-30T15:20:36.624+0000] {processor.py:161} INFO - Started process (PID=911) to work on /opt/airflow/dags/nyc_taxi_pipeline.py
[2026-08-30T15:20:36.625+0000] {processor.py:830} INFO - Processing file /opt/airflow/dags/nyc_taxi_pipeline.py for tasks to queue
[2026-08-30T15:20:36.626+0000] {logging_mixin.py:188} INFO - [2026-08-30T15:20:36.626+0000] {dagbag.py:538} INFO - Filling up the DagBag from /opt/airflow/dags/nyc_taxi_pipeline.py
[2026-08-30T15:20:36.646+0000] {processor.py:840} INFO - DAG(s) 'nyc_taxi_pipeline' retrieved from /opt/airflow/dags/nyc_taxi_pipeline.py
[2026-08-30T15:20:36.668+0000] {logging_mixin.py:188} INFO - [2026-08-30T15:20:36.668+0000] {dag.py:3036} INFO - Sync 1 DAGs
[2026-08-30T15:20:36.686+0000] {logging_mixin.py:188} INFO - [2026-08-30T15:20:36.685+0000] {dag.py:3823} INFO - Setting next_dagrun for nyc_taxi_pipeline to 2026-08-30 00:00:00+00:00, run_after=2026-08-31 00:00:00+00:00
[2026-08-30T15:20:36.706+0000] {processor.py:183} INFO - Processing /opt/airflow/dags/nyc_taxi_pipeline.py took 0.084 seconds
[2026-08-30T15:21:06.814+0000] {processor.py:161} INFO - Started process (PID=916) to work on /opt/airflow/dags/nyc_taxi_pipeline.py
[2026-08-30T15:21:06.815+0000] {processor.py:830} INFO - Processing file /opt/airflow/dags/nyc_taxi_pipeline.py for tasks to queue
[2026-08-30T15:21:06.816+0000] {logging_mixin.py:188} INFO - [2026-08-30T15:21:06.816+0000] {dagbag.py:538} INFO - Filling up the DagBag from /opt/airflow/dags/nyc_taxi_pipeline.py
[2026-08-30T15:21:06.837+0000] {processor.py:840} INFO - DAG(s) 'nyc_taxi_pipeline' retrieved from /opt/airflow/dags/nyc_taxi_pipeline.py
[2026-08-30T15:21:06.856+0000] {logging_mixin.py:188} INFO - [2026-08-30T15:21:06.856+0000] {dag.py:3036} INFO - Sync 1 DAGs
[2026-08-30T15:21:06.872+0000] {logging_mixin.py:188} INFO - [2026-08-30T15:21:06.872+0000] {dag.py:3823} INFO - Setting next_dagrun for nyc_taxi_pipeline to 2026-08-30 00:00:00+00:00, run_after=2026-08-31 00:00:00+00:00
[2026-08-30T15:21:06.889+0000] {processor.py:183} INFO - Processing /opt/airflow/dags/nyc_taxi_pipeline.py took 0.079 seconds
[2026-08-30T15:21:36.973+0000] {processor.py:161} INFO - Started process (PID=921) to work on /opt/airflow/dags/nyc_taxi_pipeline.py
[2026-08-30T15:21:36.975+0000] {processor.py:830} INFO - Processing file /opt/airflow/dags/nyc_taxi_pipeline.py for tasks to queue
[2026-08-30T15:21:36.976+0000] {logging_mixin.py:188} INFO - [2026-08-30T15:21:36.975+0000] {dagbag.py:538} INFO - Filling up the DagBag from /opt/airflow/dags/nyc_taxi_pipeline.py
[2026-08-30T15:21:36.995+0000] {processor.py:840} INFO - DAG(s) 'nyc_taxi_pipeline' retrieved from /opt/airflow/dags/nyc_taxi_pipeline.py
[2026-08-30T15:21:37.015+0000] {logging_mixin.py:188} INFO - [2026-08-30T15:21:37.015+0000] {dag.py:3036} INFO - Sync 1 DAGs
[2026-08-30T15:21:37.032+0000] {logging_mixin.py:188} INFO - [2026-08-30T15:21:37.031+0000] {dag.py:3823} INFO - Setting next_dagrun for nyc_taxi_pipeline to 2026-08-30 00:00:00+00:00, run_after=2026-08-31 00:00:00+00:00
[2026-08-30T15:21:37.049+0000] {processor.py:183} INFO - Processing /opt/airflow/dags/nyc_taxi_pipeline.py took 0.078 seconds
[2026-08-30T15:22:07.150+0000] {processor.py:161} INFO - Started process (PID=926) to work on /opt/airflow/dags/nyc_taxi_pipeline.py
[2026-08-30T15:22:07.151+0000] {processor.py:830} INFO - Processing file /opt/airflow/dags/nyc_taxi_pipeline.py for tasks to queue
[2026-08-30T15:22:07.152+0000] {logging_mixin.py:188} INFO - [2026-08-30T15:22:07.152+0000] {dagbag.py:538} INFO - Filling up the DagBag from /opt/airflow/dags/nyc_taxi_pipeline.py
[2026-08-30T15:22:07.170+0000] {processor.py:840} INFO - DAG(s) 'nyc_taxi_pipeline' retrieved from /opt/airflow/dags/nyc_taxi_pipeline.py
[2026-08-30T15:22:07.190+0000] {logging_mixin.py:188} INFO - [2026-08-30T15:22:07.189+0000] {dag.py:3036} INFO - Sync 1 DAGs
[2026-08-30T15:22:07.205+0000] {logging_mixin.py:188} INFO - [2026-08-30T15:22:07.205+0000] {dag.py:3823} INFO - Setting next_dagrun for nyc_taxi_pipeline to 2026-08-30 00:00:00+00:00, run_after=2026-08-31 00:00:00+00:00
[2026-08-30T15:22:07.220+0000] {processor.py:183} INFO - Processing /opt/airflow/dags/nyc_taxi_pipeline.py took 0.073 seconds
[2026-08-30T15:22:37.311+0000] {processor.py:161} INFO - Started process (PID=931) to work on /opt/airflow/dags/nyc_taxi_pipeline.py
[2026-08-30T15:22:37.313+0000] {processor.py:830} INFO - Processing file /opt/airflow/dags/nyc_taxi_pipeline.py for tasks to queue
[2026-08-30T15:22:37.313+0000] {logging_mixin.py:188} INFO - [2026-08-30T15:22:37.313+0000] {dagbag.py:538} INFO - Filling up the DagBag from /opt/airflow/dags/nyc_taxi_pipeline.py
[2026-08-30T15:22:37.333+0000] {processor.py:840} INFO - DAG(s) 'nyc_taxi_pipeline' retrieved from /opt/airflow/dags/nyc_taxi_pipeline.py
[2026-08-30T15:22:37.357+0000] {logging_mixin.py:188} INFO - [2026-08-30T15:22:37.357+0000] {dag.py:3036} INFO - Sync 1 DAGs
[2026-08-30T15:22:37.376+0000] {logging_mixin.py:188} INFO - [2026-08-30T15:22:37.376+0000] {dag.py:3823} INFO - Setting next_dagrun for nyc_taxi_pipeline to 2026-08-30 00:00:00+00:00, run_after=2026-08-31 00:00:00+00:00
[2026-08-30T15:22:37.397+0000] {processor.py:183} INFO - Processing /opt/airflow/dags/nyc_taxi_pipeline.py took 0.088 seconds
[2026-08-30T15:23:07.485+0000] {processor.py:161} INFO - Started process (PID=936) to work on /opt/airflow/dags/nyc_taxi_pipeline.py
[2026-08-30T15:23:07.486+0000] {processor.py:830} INFO - Processing file /opt/airflow/dags/nyc_taxi_pipeline.py for tasks to queue
[2026-08-30T15:23:07.487+0000] {logging_mixin.py:188} INFO - [2026-08-30T15:23:07.487+0000] {dagbag.py:538} INFO - Filling up the DagBag from /opt/airflow/dags/nyc_taxi_pipeline.py
[2026-08-30T15:23:07.506+0000] {processor.py:840} INFO - DAG(s) 'nyc_taxi_pipeline' retrieved from /opt/airflow/dags/nyc_taxi_pipeline.py
[2026-08-30T15:23:07.526+0000] {logging_mixin.py:188} INFO - [2026-08-30T15:23:07.525+0000] {dag.py:3036} INFO - Sync 1 DAGs
[2026-08-30T15:23:07.541+0000] {logging_mixin.py:188} INFO - [2026-08-30T15:23:07.541+0000] {dag.py:3823} INFO - Setting next_dagrun for nyc_taxi_pipeline to 2026-08-30 00:00:00+00:00, run_after=2026-08-31 00:00:00+00:00
[2026-08-30T15:23:07.560+0000] {processor.py:183} INFO - Processing /opt/airflow/dags/nyc_taxi_pipeline.py took 0.078 seconds
[2026-08-30T15:23:37.655+0000] {processor.py:161} INFO - Started process (PID=941) to work on /opt/airflow/dags/nyc_taxi_pipeline.py
[2026-08-30T15:23:37.656+0000] {processor.py:830} INFO - Processing file /opt/airflow/dags/nyc_taxi_pipeline.py for tasks to queue
[2026-08-30T15:23:37.658+0000] {logging_mixin.py:188} INFO - [2026-08-30T15:23:37.657+0000] {dagbag.py:538} INFO - Filling up the DagBag from /opt/airflow/dags/nyc_taxi_pipeline.py
[2026-08-30T15:23:37.676+0000] {processor.py:840} INFO - DAG(s) 'nyc_taxi_pipeline' retrieved from /opt/airflow/dags/nyc_taxi_pipeline.py
[2026-08-30T15:23:37.697+0000] {logging_mixin.py:188} INFO - [2026-08-30T15:23:37.697+0000] {dag.py:3036} INFO - Sync 1 DAGs
[2026-08-30T15:23:37.713+0000] {logging_mixin.py:188} INFO - [2026-08-30T15:23:37.713+0000] {dag.py:3823} INFO - Setting next_dagrun for nyc_taxi_pipeline to 2026-08-30 00:00:00+00:00, run_after=2026-08-31 00:00:00+00:00
[2026-08-30T15:23:37.732+0000] {processor.py:183} INFO - Processing /opt/airflow/dags/nyc_taxi_pipeline.py took 0.079 seconds
[2026-08-30T15:24:07.812+0000] {processor.py:161} INFO - Started process (PID=946) to work on /opt/airflow/dags/nyc_taxi_pipeline.py
[2026-08-30T15:24:07.813+0000] {processor.py:830} INFO - Processing file /opt/airflow/dags/nyc_taxi_pipeline.py for tasks to queue
[2026-08-30T15:24:07.815+0000] {logging_mixin.py:188} INFO - [2026-08-30T15:24:07.814+0000] {dagbag.py:538} INFO - Filling up the DagBag from /opt/airflow/dags/nyc_taxi_pipeline.py
[2026-08-30T15:24:07.833+0000] {processor.py:840} INFO - DAG(s) 'nyc_taxi_pipeline' retrieved from /opt/airflow/dags/nyc_taxi_pipeline.py
[2026-08-30T15:24:07.852+0000] {logging_mixin.py:188} INFO - [2026-08-30T15:24:07.852+0000] {dag.py:3036} INFO - Sync 1 DAGs
[2026-08-30T15:24:07.868+0000] {logging_mixin.py:188} INFO - [2026-08-30T15:24:07.868+0000] {dag.py:3823} INFO - Setting next_dagrun for nyc_taxi_pipeline to 2026-08-30 00:00:00+00:00, run_after=2026-08-31 00:00:00+00:00
[2026-08-30T15:24:07.889+0000] {processor.py:183} INFO - Processing /opt/airflow/dags/nyc_taxi_pipeline.py took 0.079 seconds
[2026-08-30T15:24:37.979+0000] {processor.py:161} INFO - Started process (PID=951) to work on /opt/airflow/dags/nyc_taxi_pipeline.py
[2026-08-30T15:24:37.981+0000] {processor.py:830} INFO - Processing file /opt/airflow/dags/nyc_taxi_pipeline.py for tasks to queue
[2026-08-30T15:24:37.982+0000] {logging_mixin.py:188} INFO - [2026-08-30T15:24:37.981+0000] {dagbag.py:538} INFO - Filling up the DagBag from /opt/airflow/dags/nyc_taxi_pipeline.py
[2026-08-30T15:24:38.000+0000] {processor.py:840} INFO - DAG(s) 'nyc_taxi_pipeline' retrieved from /opt/airflow/dags/nyc_taxi_pipeline.py
[2026-08-30T15:24:38.019+0000] {logging_mixin.py:188} INFO - [2026-08-30T15:24:38.019+0000] {dag.py:3036} INFO - Sync 1 DAGs
[2026-08-30T15:24:38.035+0000] {logging_mixin.py:188} INFO - [2026-08-30T15:24:38.035+0000] {dag.py:3823} INFO - Setting next_dagrun for nyc_taxi_pipeline to 2026-08-30 00:00:00+00:00, run_after=2026-08-31 00:00:00+00:00
[2026-08-30T15:24:38.055+0000] {processor.py:183} INFO - Processing /opt/airflow/dags/nyc_taxi_pipeline.py took 0.078 seconds
[2026-08-30T15:25:08.146+0000] {processor.py:161} INFO - Started process (PID=956) to work on /opt/airflow/dags/nyc_taxi_pipeline.py
[2026-08-30T15:25:08.148+0000] {processor.py:830} INFO - Processing file /opt/airflow/dags/nyc_taxi_pipeline.py for tasks to queue
[2026-08-30T15:25:08.149+0000] {logging_mixin.py:188} INFO - [2026-08-30T15:25:08.148+0000] {dagbag.py:538} INFO - Filling up the DagBag from /opt/airflow/dags/nyc_taxi_pipeline.py
[2026-08-30T15:25:08.167+0000] {processor.py:840} INFO - DAG(s) 'nyc_taxi_pipeline' retrieved from /opt/airflow/dags/nyc_taxi_pipeline.py
[2026-08-30T15:25:08.186+0000] {logging_mixin.py:188} INFO - [2026-08-30T15:25:08.186+0000] {dag.py:3036} INFO - Sync 1 DAGs
[2026-08-30T15:25:08.201+0000] {logging_mixin.py:188} INFO - [2026-08-30T15:25:08.201+0000] {dag.py:3823} INFO - Setting next_dagrun for nyc_taxi_pipeline to 2026-08-30 00:00:00+00:00, run_after=2026-08-31 00:00:00+00:00
[2026-08-30T15:25:08.222+0000] {processor.py:183} INFO - Processing /opt/airflow/dags/nyc_taxi_pipeline.py took 0.077 seconds
[2026-08-30T15:25:38.317+0000] {processor.py:161} INFO - Started process (PID=961) to work on /opt/airflow/dags/nyc_taxi_pipeline.py
[2026-08-30T15:25:38.318+0000] {processor.py:830} INFO - Processing file /opt/airflow/dags/nyc_taxi_pipeline.py for tasks to queue
[2026-08-30T15:25:38.319+0000] {logging_mixin.py:188} INFO - [2026-08-30T15:25:38.319+0000] {dagbag.py:538} INFO - Filling up the DagBag from /opt/airflow/dags/nyc_taxi_pipeline.py
[2026-08-30T15:25:38.339+0000] {processor.py:840} INFO - DAG(s) 'nyc_taxi_pipeline' retrieved from /opt/airflow/dags/nyc_taxi_pipeline.py
[2026-08-30T15:25:38.359+0000] {logging_mixin.py:188} INFO - [2026-08-30T15:25:38.359+0000] {dag.py:3036} INFO - Sync 1 DAGs
[2026-08-30T15:25:38.374+0000] {logging_mixin.py:188} INFO - [2026-08-30T15:25:38.374+0000] {dag.py:3823} INFO - Setting next_dagrun for nyc_taxi_pipeline to 2026-08-30 00:00:00+00:00, run_after=2026-08-31 00:00:00+00:00
[2026-08-30T15:25:38.391+0000] {processor.py:183} INFO - Processing /opt/airflow/dags/nyc_taxi_pipeline.py took 0.076 seconds
[2026-08-30T15:26:08.505+0000] {processor.py:161} INFO - Started process (PID=966) to work on /opt/airflow/dags/nyc_taxi_pipeline.py
[2026-08-30T15:26:08.506+0000] {processor.py:830} INFO - Processing file /opt/airflow/dags/nyc_taxi_pipeline.py for tasks to queue
[2026-08-30T15:26:08.507+0000] {logging_mixin.py:188} INFO - [2026-08-30T15:26:08.507+0000] {dagbag.py:538} INFO - Filling up the DagBag from /opt/airflow/dags/nyc_taxi_pipeline.py
[2026-08-30T15:26:08.526+0000] {processor.py:840} INFO - DAG(s) 'nyc_taxi_pipeline' retrieved from /opt/airflow/dags/nyc_taxi_pipeline.py
[2026-08-30T15:26:08.546+0000] {logging_mixin.py:188} INFO - [2026-08-30T15:26:08.546+0000] {dag.py:3036} INFO - Sync 1 DAGs
[2026-08-30T15:26:08.563+0000] {logging_mixin.py:188} INFO - [2026-08-30T15:26:08.563+0000] {dag.py:3823} INFO - Setting next_dagrun for nyc_taxi_pipeline to 2026-08-30 00:00:00+00:00, run_after=2026-08-31 00:00:00+00:00
[2026-08-30T15:26:08.581+0000] {processor.py:183} INFO - Processing /opt/airflow/dags/nyc_taxi_pipeline.py took 0.078 seconds
[2026-08-30T15:26:38.654+0000] {processor.py:161} INFO - Started process (PID=971) to work on /opt/airflow/dags/nyc_taxi_pipeline.py
[2026-08-30T15:26:38.655+0000] {processor.py:830} INFO - Processing file /opt/airflow/dags/nyc_taxi_pipeline.py for tasks to queue
[2026-08-30T15:26:38.657+0000] {logging_mixin.py:188} INFO - [2026-08-30T15:26:38.656+0000] {dagbag.py:538} INFO - Filling up the DagBag from /opt/airflow/dags/nyc_taxi_pipeline.py
[2026-08-30T15:26:38.675+0000] {processor.py:840} INFO - DAG(s) 'nyc_taxi_pipeline' retrieved from /opt/airflow/dags/nyc_taxi_pipeline.py
[2026-08-30T15:26:38.696+0000] {logging_mixin.py:188} INFO - [2026-08-30T15:26:38.695+0000] {dag.py:3036} INFO - Sync 1 DAGs
[2026-08-30T15:26:38.710+0000] {logging_mixin.py:188} INFO - [2026-08-30T15:26:38.710+0000] {dag.py:3823} INFO - Setting next_dagrun for nyc_taxi_pipeline to 2026-08-30 00:00:00+00:00, run_after=2026-08-31 00:00:00+00:00
[2026-08-30T15:26:38.727+0000] {processor.py:183} INFO - Processing /opt/airflow/dags/nyc_taxi_pipeline.py took 0.076 seconds
[2026-08-30T15:27:08.840+0000] {processor.py:161} INFO - Started process (PID=976) to work on /opt/airflow/dags/nyc_taxi_pipeline.py
[2026-08-30T15:27:08.842+0000] {processor.py:830} INFO - Processing file /opt/airflow/dags/nyc_taxi_pipeline.py for tasks to queue
[2026-08-30T15:27:08.843+0000] {logging_mixin.py:188} INFO - [2026-08-30T15:27:08.842+0000] {dagbag.py:538} INFO - Filling up the DagBag from /opt/airflow/dags/nyc_taxi_pipeline.py
[2026-08-30T15:27:08.860+0000] {processor.py:840} INFO - DAG(s) 'nyc_taxi_pipeline' retrieved from /opt/airflow/dags/nyc_taxi_pipeline.py
[2026-08-30T15:27:08.880+0000] {logging_mixin.py:188} INFO - [2026-08-30T15:27:08.880+0000] {dag.py:3036} INFO - Sync 1 DAGs
[2026-08-30T15:27:08.897+0000] {logging_mixin.py:188} INFO - [2026-08-30T15:27:08.897+0000] {dag.py:3823} INFO - Setting next_dagrun for nyc_taxi_pipeline to 2026-08-30 00:00:00+00:00, run_after=2026-08-31 00:00:00+00:00
[2026-08-30T15:27:08.919+0000] {processor.py:183} INFO - Processing /opt/airflow/dags/nyc_taxi_pipeline.py took 0.081 seconds
[2026-08-30T15:27:38.985+0000] {processor.py:161} INFO - Started process (PID=981) to work on /opt/airflow/dags/nyc_taxi_pipeline.py
[2026-08-30T15:27:38.986+0000] {processor.py:830} INFO - Processing file /opt/airflow/dags/nyc_taxi_pipeline.py for tasks to queue
[2026-08-30T15:27:38.988+0000] {logging_mixin.py:188} INFO - [2026-08-30T15:27:38.987+0000] {dagbag.py:538} INFO - Filling up the DagBag from /opt/airflow/dags/nyc_taxi_pipeline.py
[2026-08-30T15:27:39.005+0000] {processor.py:840} INFO - DAG(s) 'nyc_taxi_pipeline' retrieved from /opt/airflow/dags/nyc_taxi_pipeline.py
[2026-08-30T15:27:39.026+0000] {logging_mixin.py:188} INFO - [2026-08-30T15:27:39.025+0000] {dag.py:3036} INFO - Sync 1 DAGs
[2026-08-30T15:27:39.042+0000] {logging_mixin.py:188} INFO - [2026-08-30T15:27:39.041+0000] {dag.py:3823} INFO - Setting next_dagrun for nyc_taxi_pipeline to 2026-08-30 00:00:00+00:00, run_after=2026-08-31 00:00:00+00:00
[2026-08-30T15:27:39.059+0000] {processor.py:183} INFO - Processing /opt/airflow/dags/nyc_taxi_pipeline.py took 0.077 seconds
[2026-08-30T15:28:09.167+0000] {processor.py:161} INFO - Started process (PID=986) to work on /opt/airflow/dags/nyc_taxi_pipeline.py
[2026-08-30T15:28:09.167+0000] {processor.py:830} INFO - Processing file /opt/airflow/dags/nyc_taxi_pipeline.py for tasks to queue
[2026-08-30T15:28:09.169+0000] {logging_mixin.py:188} INFO - [2026-08-30T15:28:09.168+0000] {dagbag.py:538} INFO - Filling up the DagBag from /opt/airflow/dags/nyc_taxi_pipeline.py
[2026-08-30T15:28:09.185+0000] {processor.py:840} INFO - DAG(s) 'nyc_taxi_pipeline' retrieved from /opt/airflow/dags/nyc_taxi_pipeline.py
[2026-08-30T15:28:09.204+0000] {logging_mixin.py:188} INFO - [2026-08-30T15:28:09.204+0000] {dag.py:3036} INFO - Sync 1 DAGs
[2026-08-30T15:28:09.220+0000] {logging_mixin.py:188} INFO - [2026-08-30T15:28:09.220+0000] {dag.py:3823} INFO - Setting next_dagrun for nyc_taxi_pipeline to 2026-08-30 00:00:00+00:00, run_after=2026-08-31 00:00:00+00:00
[2026-08-30T15:28:09.241+0000] {processor.py:183} INFO - Processing /opt/airflow/dags/nyc_taxi_pipeline.py took 0.076 seconds
[2026-08-30T15:28:39.319+0000] {processor.py:161} INFO - Started process (PID=991) to work on /opt/airflow/dags/nyc_taxi_pipeline.py
[2026-08-30T15:28:39.320+0000] {processor.py:830} INFO - Processing file /opt/airflow/dags/nyc_taxi_pipeline.py for tasks to queue
[2026-08-30T15:28:39.321+0000] {logging_mixin.py:188} INFO - [2026-08-30T15:28:39.321+0000] {dagbag.py:538} INFO - Filling up the DagBag from /opt/airflow/dags/nyc_taxi_pipeline.py
[2026-08-30T15:28:39.341+0000] {processor.py:840} INFO - DAG(s) 'nyc_taxi_pipeline' retrieved from /opt/airflow/dags/nyc_taxi_pipeline.py
[2026-08-30T15:28:39.362+0000] {logging_mixin.py:188} INFO - [2026-08-30T15:28:39.362+0000] {dag.py:3036} INFO - Sync 1 DAGs
[2026-08-30T15:28:39.379+0000] {logging_mixin.py:188} INFO - [2026-08-30T15:28:39.379+0000] {dag.py:3823} INFO - Setting next_dagrun for nyc_taxi_pipeline to 2026-08-30 00:00:00+00:00, run_after=2026-08-31 00:00:00+00:00
[2026-08-30T15:28:39.398+0000] {processor.py:183} INFO - Processing /opt/airflow/dags/nyc_taxi_pipeline.py took 0.082 seconds
[2026-08-30T15:29:09.511+0000] {processor.py:161} INFO - Started process (PID=996) to work on /opt/airflow/dags/nyc_taxi_pipeline.py
[2026-08-30T15:29:09.512+0000] {processor.py:830} INFO - Processing file /opt/airflow/dags/nyc_taxi_pipeline.py for tasks to queue
[2026-08-30T15:29:09.513+0000] {logging_mixin.py:188} INFO - [2026-08-30T15:29:09.513+0000] {dagbag.py:538} INFO - Filling up the DagBag from /opt/airflow/dags/nyc_taxi_pipeline.py
[2026-08-30T15:29:09.533+0000] {processor.py:840} INFO - DAG(s) 'nyc_taxi_pipeline' retrieved from /opt/airflow/dags/nyc_taxi_pipeline.py
[2026-08-30T15:29:09.553+0000] {logging_mixin.py:188} INFO - [2026-08-30T15:29:09.553+0000] {dag.py:3036} INFO - Sync 1 DAGs
[2026-08-30T15:29:09.570+0000] {logging_mixin.py:188} INFO - [2026-08-30T15:29:09.570+0000] {dag.py:3823} INFO - Setting next_dagrun for nyc_taxi_pipeline to 2026-08-30 00:00:00+00:00, run_after=2026-08-31 00:00:00+00:00
[2026-08-30T15:29:09.588+0000] {processor.py:183} INFO - Processing /opt/airflow/dags/nyc_taxi_pipeline.py took 0.080 seconds
[2026-08-30T15:29:39.655+0000] {processor.py:161} INFO - Started process (PID=1001) to work on /opt/airflow/dags/nyc_taxi_pipeline.py
[2026-08-30T15:29:39.656+0000] {processor.py:830} INFO - Processing file /opt/airflow/dags/nyc_taxi_pipeline.py for tasks to queue
[2026-08-30T15:29:39.657+0000] {logging_mixin.py:188} INFO - [2026-08-30T15:29:39.657+0000] {dagbag.py:538} INFO - Filling up the DagBag from /opt/airflow/dags/nyc_taxi_pipeline.py
[2026-08-30T15:29:39.675+0000] {processor.py:840} INFO - DAG(s) 'nyc_taxi_pipeline' retrieved from /opt/airflow/dags/nyc_taxi_pipeline.py
[2026-08-30T15:29:39.696+0000] {logging_mixin.py:188} INFO - [2026-08-30T15:29:39.696+0000] {dag.py:3036} INFO - Sync 1 DAGs
[2026-08-30T15:29:39.714+0000] {logging_mixin.py:188} INFO - [2026-08-30T15:29:39.714+0000] {dag.py:3823} INFO - Setting next_dagrun for nyc_taxi_pipeline to 2026-08-30 00:00:00+00:00, run_after=2026-08-31 00:00:00+00:00
[2026-08-30T15:29:39.731+0000] {processor.py:183} INFO - Processing /opt/airflow/dags/nyc_taxi_pipeline.py took 0.078 seconds
[2026-08-30T15:30:09.858+0000] {processor.py:161} INFO - Started process (PID=1006) to work on /opt/airflow/dags/nyc_taxi_pipeline.py
[2026-08-30T15:30:09.859+0000] {processor.py:830} INFO - Processing file /opt/airflow/dags/nyc_taxi_pipeline.py for tasks to queue
[2026-08-30T15:30:09.860+0000] {logging_mixin.py:188} INFO - [2026-08-30T15:30:09.860+0000] {dagbag.py:538} INFO - Filling up the DagBag from /opt/airflow/dags/nyc_taxi_pipeline.py
[2026-08-30T15:30:09.877+0000] {processor.py:840} INFO - DAG(s) 'nyc_taxi_pipeline' retrieved from /opt/airflow/dags/nyc_taxi_pipeline.py
[2026-08-30T15:30:09.896+0000] {logging_mixin.py:188} INFO - [2026-08-30T15:30:09.896+0000] {dag.py:3036} INFO - Sync 1 DAGs
[2026-08-30T15:30:09.912+0000] {logging_mixin.py:188} INFO - [2026-08-30T15:30:09.912+0000] {dag.py:3823} INFO - Setting next_dagrun for nyc_taxi_pipeline to 2026-08-30 00:00:00+00:00, run_after=2026-08-31 00:00:00+00:00
[2026-08-30T15:30:09.929+0000] {processor.py:183} INFO - Processing /opt/airflow/dags/nyc_taxi_pipeline.py took 0.073 seconds
[2026-08-30T15:30:40.001+0000] {processor.py:161} INFO - Started process (PID=1011) to work on /opt/airflow/dags/nyc_taxi_pipeline.py
[2026-08-30T15:30:40.002+0000] {processor.py:830} INFO - Processing file /opt/airflow/dags/nyc_taxi_pipeline.py for tasks to queue
[2026-08-30T15:30:40.003+0000] {logging_mixin.py:188} INFO - [2026-08-30T15:30:40.003+0000] {dagbag.py:538} INFO - Filling up the DagBag from /opt/airflow/dags/nyc_taxi_pipeline.py
[2026-08-30T15:30:40.022+0000] {processor.py:840} INFO - DAG(s) 'nyc_taxi_pipeline' retrieved from /opt/airflow/dags/nyc_taxi_pipeline.py
[2026-08-30T15:30:40.045+0000] {logging_mixin.py:188} INFO - [2026-08-30T15:30:40.045+0000] {dag.py:3036} INFO - Sync 1 DAGs
[2026-08-30T15:30:40.061+0000] {logging_mixin.py:188} INFO - [2026-08-30T15:30:40.061+0000] {dag.py:3823} INFO - Setting next_dagrun for nyc_taxi_pipeline to 2026-08-30 00:00:00+00:00, run_after=2026-08-31 00:00:00+00:00
[2026-08-30T15:30:40.079+0000] {processor.py:183} INFO - Processing /opt/airflow/dags/nyc_taxi_pipeline.py took 0.080 seconds
[2026-08-30T15:31:10.207+0000] {processor.py:161} INFO - Started process (PID=1016) to work on /opt/airflow/dags/nyc_taxi_pipeline.py
[2026-08-30T15:31:10.208+0000] {processor.py:830} INFO - Processing file /opt/airflow/dags/nyc_taxi_pipeline.py for tasks to queue
[2026-08-30T15:31:10.210+0000] {logging_mixin.py:188} INFO - [2026-08-30T15:31:10.209+0000] {dagbag.py:538} INFO - Filling up the DagBag from /opt/airflow/dags/nyc_taxi_pipeline.py
[2026-08-30T15:31:10.229+0000] {processor.py:840} INFO - DAG(s) 'nyc_taxi_pipeline' retrieved from /opt/airflow/dags/nyc_taxi_pipeline.py
[2026-08-30T15:31:10.249+0000] {logging_mixin.py:188} INFO - [2026-08-30T15:31:10.248+0000] {dag.py:3036} INFO - Sync 1 DAGs
[2026-08-30T15:31:10.263+0000] {logging_mixin.py:188} INFO - [2026-08-30T15:31:10.263+0000] {dag.py:3823} INFO - Setting next_dagrun for nyc_taxi_pipeline to 2026-08-30 00:00:00+00:00, run_after=2026-08-31 00:00:00+00:00
[2026-08-30T15:31:10.279+0000] {processor.py:183} INFO - Processing /opt/airflow/dags/nyc_taxi_pipeline.py took 0.074 seconds
[2026-08-30T15:31:40.355+0000] {processor.py:161} INFO - Started process (PID=1021) to work on /opt/airflow/dags/nyc_taxi_pipeline.py
[2026-08-30T15:31:40.355+0000] {processor.py:830} INFO - Processing file /opt/airflow/dags/nyc_taxi_pipeline.py for tasks to queue
[2026-08-30T15:31:40.357+0000] {logging_mixin.py:188} INFO - [2026-08-30T15:31:40.356+0000] {dagbag.py:538} INFO - Filling up the DagBag from /opt/airflow/dags/nyc_taxi_pipeline.py
[2026-08-30T15:31:40.376+0000] {processor.py:840} INFO - DAG(s) 'nyc_taxi_pipeline' retrieved from /opt/airflow/dags/nyc_taxi_pipeline.py
[2026-08-30T15:31:40.396+0000] {logging_mixin.py:188} INFO - [2026-08-30T15:31:40.395+0000] {dag.py:3036} INFO - Sync 1 DAGs
[2026-08-30T15:31:40.412+0000] {logging_mixin.py:188} INFO - [2026-08-30T15:31:40.412+0000] {dag.py:3823} INFO - Setting next_dagrun for nyc_taxi_pipeline to 2026-08-30 00:00:00+00:00, run_after=2026-08-31 00:00:00+00:00
[2026-08-30T15:31:40.430+0000] {processor.py:183} INFO - Processing /opt/airflow/dags/nyc_taxi_pipeline.py took 0.078 seconds
[2026-08-30T15:32:10.530+0000] {processor.py:161} INFO - Started process (PID=1026) to work on /opt/airflow/dags/nyc_taxi_pipeline.py
[2026-08-30T15:32:10.531+0000] {processor.py:830} INFO - Processing file /opt/airflow/dags/nyc_taxi_pipeline.py for tasks to queue
[2026-08-30T15:32:10.533+0000] {logging_mixin.py:188} INFO - [2026-08-30T15:32:10.532+0000] {dagbag.py:538} INFO - Filling up the DagBag from /opt/airflow/dags/nyc_taxi_pipeline.py
[2026-08-30T15:32:10.557+0000] {processor.py:840} INFO - DAG(s) 'nyc_taxi_pipeline' retrieved from /opt/airflow/dags/nyc_taxi_pipeline.py
[2026-08-30T15:32:10.579+0000] {logging_mixin.py:188} INFO - [2026-08-30T15:32:10.579+0000] {dag.py:3036} INFO - Sync 1 DAGs
[2026-08-30T15:32:10.598+0000] {logging_mixin.py:188} INFO - [2026-08-30T15:32:10.598+0000] {dag.py:3823} INFO - Setting next_dagrun for nyc_taxi_pipeline to 2026-08-30 00:00:00+00:00, run_after=2026-08-31 00:00:00+00:00
[2026-08-30T15:32:10.620+0000] {processor.py:183} INFO - Processing /opt/airflow/dags/nyc_taxi_pipeline.py took 0.092 seconds
[2026-08-30T15:32:40.685+0000] {processor.py:161} INFO - Started process (PID=1031) to work on /opt/airflow/dags/nyc_taxi_pipeline.py
[2026-08-30T15:32:40.686+0000] {processor.py:830} INFO - Processing file /opt/airflow/dags/nyc_taxi_pipeline.py for tasks to queue
[2026-08-30T15:32:40.687+0000] {logging_mixin.py:188} INFO - [2026-08-30T15:32:40.687+0000] {dagbag.py:538} INFO - Filling up the DagBag from /opt/airflow/dags/nyc_taxi_pipeline.py
[2026-08-30T15:32:40.708+0000] {processor.py:840} INFO - DAG(s) 'nyc_taxi_pipeline' retrieved from /opt/airflow/dags/nyc_taxi_pipeline.py
[2026-08-30T15:32:40.729+0000] {logging_mixin.py:188} INFO - [2026-08-30T15:32:40.728+0000] {dag.py:3036} INFO - Sync 1 DAGs
[2026-08-30T15:32:40.745+0000] {logging_mixin.py:188} INFO - [2026-08-30T15:32:40.745+0000] {dag.py:3823} INFO - Setting next_dagrun for nyc_taxi_pipeline to 2026-08-30 00:00:00+00:00, run_after=2026-08-31 00:00:00+00:00
[2026-08-30T15:32:40.763+0000] {processor.py:183} INFO - Processing /opt/airflow/dags/nyc_taxi_pipeline.py took 0.080 seconds
[2026-08-30T15:33:10.883+0000] {processor.py:161} INFO - Started process (PID=1036) to work on /opt/airflow/dags/nyc_taxi_pipeline.py
[2026-08-30T15:33:10.884+0000] {processor.py:830} INFO - Processing file /opt/airflow/dags/nyc_taxi_pipeline.py for tasks to queue
[2026-08-30T15:33:10.886+0000] {logging_mixin.py:188} INFO - [2026-08-30T15:33:10.886+0000] {dagbag.py:538} INFO - Filling up the DagBag from /opt/airflow/dags/nyc_taxi_pipeline.py
[2026-08-30T15:33:10.902+0000] {processor.py:840} INFO - DAG(s) 'nyc_taxi_pipeline' retrieved from /opt/airflow/dags/nyc_taxi_pipeline.py
[2026-08-30T15:33:10.921+0000] {logging_mixin.py:188} INFO - [2026-08-30T15:33:10.921+0000] {dag.py:3036} INFO - Sync 1 DAGs
[2026-08-30T15:33:10.936+0000] {logging_mixin.py:188} INFO - [2026-08-30T15:33:10.936+0000] {dag.py:3823} INFO - Setting next_dagrun for nyc_taxi_pipeline to 2026-08-30 00:00:00+00:00, run_after=2026-08-31 00:00:00+00:00
[2026-08-30T15:33:10.953+0000] {processor.py:183} INFO - Processing /opt/airflow/dags/nyc_taxi_pipeline.py took 0.072 seconds
[2026-08-30T15:33:41.034+0000] {processor.py:161} INFO - Started process (PID=1041) to work on /opt/airflow/dags/nyc_taxi_pipeline.py
[2026-08-30T15:33:41.035+0000] {processor.py:830} INFO - Processing file /opt/airflow/dags/nyc_taxi_pipeline.py for tasks to queue
[2026-08-30T15:33:41.037+0000] {logging_mixin.py:188} INFO - [2026-08-30T15:33:41.036+0000] {dagbag.py:538} INFO - Filling up the DagBag from /opt/airflow/dags/nyc_taxi_pipeline.py
[2026-08-30T15:33:41.057+0000] {processor.py:840} INFO - DAG(s) 'nyc_taxi_pipeline' retrieved from /opt/airflow/dags/nyc_taxi_pipeline.py
[2026-08-30T15:33:41.077+0000] {logging_mixin.py:188} INFO - [2026-08-30T15:33:41.077+0000] {dag.py:3036} INFO - Sync 1 DAGs
[2026-08-30T15:33:41.094+0000] {logging_mixin.py:188} INFO - [2026-08-30T15:33:41.093+0000] {dag.py:3823} INFO - Setting next_dagrun for nyc_taxi_pipeline to 2026-08-30 00:00:00+00:00, run_after=2026-08-31 00:00:00+00:00
[2026-08-30T15:33:41.111+0000] {processor.py:183} INFO - Processing /opt/airflow/dags/nyc_taxi_pipeline.py took 0.079 seconds
[2026-08-30T15:34:11.222+0000] {processor.py:161} INFO - Started process (PID=1046) to work on /opt/airflow/dags/nyc_taxi_pipeline.py
[2026-08-30T15:34:11.223+0000] {processor.py:830} INFO - Processing file /opt/airflow/dags/nyc_taxi_pipeline.py for tasks to queue
[2026-08-30T15:34:11.224+0000] {logging_mixin.py:188} INFO - [2026-08-30T15:34:11.223+0000] {dagbag.py:538} INFO - Filling up the DagBag from /opt/airflow/dags/nyc_taxi_pipeline.py
[2026-08-30T15:34:11.243+0000] {processor.py:840} INFO - DAG(s) 'nyc_taxi_pipeline' retrieved from /opt/airflow/dags/nyc_taxi_pipeline.py
[2026-08-30T15:34:11.262+0000] {logging_mixin.py:188} INFO - [2026-08-30T15:34:11.261+0000] {dag.py:3036} INFO - Sync 1 DAGs
[2026-08-30T15:34:11.277+0000] {logging_mixin.py:188} INFO - [2026-08-30T15:34:11.277+0000] {dag.py:3823} INFO - Setting next_dagrun for nyc_taxi_pipeline to 2026-08-30 00:00:00+00:00, run_after=2026-08-31 00:00:00+00:00
[2026-08-30T15:34:11.297+0000] {processor.py:183} INFO - Processing /opt/airflow/dags/nyc_taxi_pipeline.py took 0.077 seconds
[2026-08-30T15:34:41.375+0000] {processor.py:161} INFO - Started process (PID=1051) to work on /opt/airflow/dags/nyc_taxi_pipeline.py
[2026-08-30T15:34:41.376+0000] {processor.py:830} INFO - Processing file /opt/airflow/dags/nyc_taxi_pipeline.py for tasks to queue
[2026-08-30T15:34:41.377+0000] {logging_mixin.py:188} INFO - [2026-08-30T15:34:41.377+0000] {dagbag.py:538} INFO - Filling up the DagBag from /opt/airflow/dags/nyc_taxi_pipeline.py
[2026-08-30T15:34:41.398+0000] {processor.py:840} INFO - DAG(s) 'nyc_taxi_pipeline' retrieved from /opt/airflow/dags/nyc_taxi_pipeline.py
[2026-08-30T15:34:41.417+0000] {logging_mixin.py:188} INFO - [2026-08-30T15:34:41.417+0000] {dag.py:3036} INFO - Sync 1 DAGs
[2026-08-30T15:34:41.432+0000] {logging_mixin.py:188} INFO - [2026-08-30T15:34:41.431+0000] {dag.py:3823} INFO - Setting next_dagrun for nyc_taxi_pipeline to 2026-08-30 00:00:00+00:00, run_after=2026-08-31 00:00:00+00:00
[2026-08-30T15:34:41.448+0000] {processor.py:183} INFO - Processing /opt/airflow/dags/nyc_taxi_pipeline.py took 0.076 seconds
[2026-08-30T15:35:11.549+0000] {processor.py:161} INFO - Started process (PID=1056) to work on /opt/airflow/dags/nyc_taxi_pipeline.py
[2026-08-30T15:35:11.550+0000] {processor.py:830} INFO - Processing file /opt/airflow/dags/nyc_taxi_pipeline.py for tasks to queue
[2026-08-30T15:35:11.552+0000] {logging_mixin.py:188} INFO - [2026-08-30T15:35:11.551+0000] {dagbag.py:538} INFO - Filling up the DagBag from /opt/airflow/dags/nyc_taxi_pipeline.py
[2026-08-30T15:35:11.570+0000] {processor.py:840} INFO - DAG(s) 'nyc_taxi_pipeline' retrieved from /opt/airflow/dags/nyc_taxi_pipeline.py
[2026-08-30T15:35:11.591+0000] {logging_mixin.py:188} INFO - [2026-08-30T15:35:11.591+0000] {dag.py:3036} INFO - Sync 1 DAGs
[2026-08-30T15:35:11.607+0000] {logging_mixin.py:188} INFO - [2026-08-30T15:35:11.607+0000] {dag.py:3823} INFO - Setting next_dagrun for nyc_taxi_pipeline to 2026-08-30 00:00:00+00:00, run_after=2026-08-31 00:00:00+00:00
[2026-08-30T15:35:11.624+0000] {processor.py:183} INFO - Processing /opt/airflow/dags/nyc_taxi_pipeline.py took 0.076 seconds
[2026-08-30T15:35:41.696+0000] {processor.py:161} INFO - Started process (PID=1061) to work on /opt/airflow/dags/nyc_taxi_pipeline.py
[2026-08-30T15:35:41.697+0000] {processor.py:830} INFO - Processing file /opt/airflow/dags/nyc_taxi_pipeline.py for tasks to queue
[2026-08-30T15:35:41.699+0000] {logging_mixin.py:188} INFO - [2026-08-30T15:35:41.698+0000] {dagbag.py:538} INFO - Filling up the DagBag from /opt/airflow/dags/nyc_taxi_pipeline.py
[2026-08-30T15:35:41.717+0000] {processor.py:840} INFO - DAG(s) 'nyc_taxi_pipeline' retrieved from /opt/airflow/dags/nyc_taxi_pipeline.py
[2026-08-30T15:35:41.737+0000] {logging_mixin.py:188} INFO - [2026-08-30T15:35:41.737+0000] {dag.py:3036} INFO - Sync 1 DAGs
[2026-08-30T15:35:41.752+0000] {logging_mixin.py:188} INFO - [2026-08-30T15:35:41.752+0000] {dag.py:3823} INFO - Setting next_dagrun for nyc_taxi_pipeline to 2026-08-30 00:00:00+00:00, run_after=2026-08-31 00:00:00+00:00
[2026-08-30T15:35:41.773+0000] {processor.py:183} INFO - Processing /opt/airflow/dags/nyc_taxi_pipeline.py took 0.079 seconds
[2026-08-30T15:36:11.906+0000] {processor.py:161} INFO - Started process (PID=1066) to work on /opt/airflow/dags/nyc_taxi_pipeline.py
[2026-08-30T15:36:11.906+0000] {processor.py:830} INFO - Processing file /opt/airflow/dags/nyc_taxi_pipeline.py for tasks to queue
[2026-08-30T15:36:11.908+0000] {logging_mixin.py:188} INFO - [2026-08-30T15:36:11.907+0000] {dagbag.py:538} INFO - Filling up the DagBag from /opt/airflow/dags/nyc_taxi_pipeline.py
[2026-08-30T15:36:11.925+0000] {processor.py:840} INFO - DAG(s) 'nyc_taxi_pipeline' retrieved from /opt/airflow/dags/nyc_taxi_pipeline.py
[2026-08-30T15:36:11.946+0000] {logging_mixin.py:188} INFO - [2026-08-30T15:36:11.945+0000] {dag.py:3036} INFO - Sync 1 DAGs
[2026-08-30T15:36:11.964+0000] {logging_mixin.py:188} INFO - [2026-08-30T15:36:11.963+0000] {dag.py:3823} INFO - Setting next_dagrun for nyc_taxi_pipeline to 2026-08-30 00:00:00+00:00, run_after=2026-08-31 00:00:00+00:00
[2026-08-30T15:36:11.986+0000] {processor.py:183} INFO - Processing /opt/airflow/dags/nyc_taxi_pipeline.py took 0.082 seconds
[2026-08-30T15:36:42.045+0000] {processor.py:161} INFO - Started process (PID=1071) to work on /opt/airflow/dags/nyc_taxi_pipeline.py
[2026-08-30T15:36:42.045+0000] {processor.py:830} INFO - Processing file /opt/airflow/dags/nyc_taxi_pipeline.py for tasks to queue
[2026-08-30T15:36:42.046+0000] {logging_mixin.py:188} INFO - [2026-08-30T15:36:42.046+0000] {dagbag.py:538} INFO - Filling up the DagBag from /opt/airflow/dags/nyc_taxi_pipeline.py
[2026-08-30T15:36:42.064+0000] {processor.py:840} INFO - DAG(s) 'nyc_taxi_pipeline' retrieved from /opt/airflow/dags/nyc_taxi_pipeline.py
[2026-08-30T15:36:42.084+0000] {logging_mixin.py:188} INFO - [2026-08-30T15:36:42.084+0000] {dag.py:3036} INFO - Sync 1 DAGs
[2026-08-30T15:36:42.100+0000] {logging_mixin.py:188} INFO - [2026-08-30T15:36:42.099+0000] {dag.py:3823} INFO - Setting next_dagrun for nyc_taxi_pipeline to 2026-08-30 00:00:00+00:00, run_after=2026-08-31 00:00:00+00:00
[2026-08-30T15:36:42.117+0000] {processor.py:183} INFO - Processing /opt/airflow/dags/nyc_taxi_pipeline.py took 0.074 seconds
[2026-08-30T15:37:12.249+0000] {processor.py:161} INFO - Started process (PID=1076) to work on /opt/airflow/dags/nyc_taxi_pipeline.py
[2026-08-30T15:37:12.250+0000] {processor.py:830} INFO - Processing file /opt/airflow/dags/nyc_taxi_pipeline.py for tasks to queue
[2026-08-30T15:37:12.251+0000] {logging_mixin.py:188} INFO - [2026-08-30T15:37:12.251+0000] {dagbag.py:538} INFO - Filling up the DagBag from /opt/airflow/dags/nyc_taxi_pipeline.py
[2026-08-30T15:37:12.270+0000] {processor.py:840} INFO - DAG(s) 'nyc_taxi_pipeline' retrieved from /opt/airflow/dags/nyc_taxi_pipeline.py
[2026-08-30T15:37:12.290+0000] {logging_mixin.py:188} INFO - [2026-08-30T15:37:12.290+0000] {dag.py:3036} INFO - Sync 1 DAGs
[2026-08-30T15:37:12.307+0000] {logging_mixin.py:188} INFO - [2026-08-30T15:37:12.307+0000] {dag.py:3823} INFO - Setting next_dagrun for nyc_taxi_pipeline to 2026-08-30 00:00:00+00:00, run_after=2026-08-31 00:00:00+00:00
[2026-08-30T15:37:12.330+0000] {processor.py:183} INFO - Processing /opt/airflow/dags/nyc_taxi_pipeline.py took 0.082 seconds
[2026-08-30T15:37:42.398+0000] {processor.py:161} INFO - Started process (PID=1081) to work on /opt/airflow/dags/nyc_taxi_pipeline.py
[2026-08-30T15:37:42.399+0000] {processor.py:830} INFO - Processing file /opt/airflow/dags/nyc_taxi_pipeline.py for tasks to queue
[2026-08-30T15:37:42.400+0000] {logging_mixin.py:188} INFO - [2026-08-30T15:37:42.400+0000] {dagbag.py:538} INFO - Filling up the DagBag from /opt/airflow/dags/nyc_taxi_pipeline.py
[2026-08-30T15:37:42.417+0000] {processor.py:840} INFO - DAG(s) 'nyc_taxi_pipeline' retrieved from /opt/airflow/dags/nyc_taxi_pipeline.py
[2026-08-30T15:37:42.438+0000] {logging_mixin.py:188} INFO - [2026-08-30T15:37:42.437+0000] {dag.py:3036} INFO - Sync 1 DAGs
[2026-08-30T15:37:42.454+0000] {logging_mixin.py:188} INFO - [2026-08-30T15:37:42.454+0000] {dag.py:3823} INFO - Setting next_dagrun for nyc_taxi_pipeline to 2026-08-30 00:00:00+00:00, run_after=2026-08-31 00:00:00+00:00
[2026-08-30T15:37:42.475+0000] {processor.py:183} INFO - Processing /opt/airflow/dags/nyc_taxi_pipeline.py took 0.080 seconds
[2026-08-30T15:38:12.592+0000] {processor.py:161} INFO - Started process (PID=1086) to work on /opt/airflow/dags/nyc_taxi_pipeline.py
[2026-08-30T15:38:12.593+0000] {processor.py:830} INFO - Processing file /opt/airflow/dags/nyc_taxi_pipeline.py for tasks to queue
[2026-08-30T15:38:12.594+0000] {logging_mixin.py:188} INFO - [2026-08-30T15:38:12.594+0000] {dagbag.py:538} INFO - Filling up the DagBag from /opt/airflow/dags/nyc_taxi_pipeline.py
[2026-08-30T15:38:12.612+0000] {processor.py:840} INFO - DAG(s) 'nyc_taxi_pipeline' retrieved from /opt/airflow/dags/nyc_taxi_pipeline.py
[2026-08-30T15:38:12.632+0000] {logging_mixin.py:188} INFO - [2026-08-30T15:38:12.632+0000] {dag.py:3036} INFO - Sync 1 DAGs
[2026-08-30T15:38:12.648+0000] {logging_mixin.py:188} INFO - [2026-08-30T15:38:12.647+0000] {dag.py:3823} INFO - Setting next_dagrun for nyc_taxi_pipeline to 2026-08-30 00:00:00+00:00, run_after=2026-08-31 00:00:00+00:00
[2026-08-30T15:38:12.670+0000] {processor.py:183} INFO - Processing /opt/airflow/dags/nyc_taxi_pipeline.py took 0.080 seconds
[2026-08-30T15:38:42.734+0000] {processor.py:161} INFO - Started process (PID=1091) to work on /opt/airflow/dags/nyc_taxi_pipeline.py
[2026-08-30T15:38:42.735+0000] {processor.py:830} INFO - Processing file /opt/airflow/dags/nyc_taxi_pipeline.py for tasks to queue
[2026-08-30T15:38:42.736+0000] {logging_mixin.py:188} INFO - [2026-08-30T15:38:42.736+0000] {dagbag.py:538} INFO - Filling up the DagBag from /opt/airflow/dags/nyc_taxi_pipeline.py
[2026-08-30T15:38:42.756+0000] {processor.py:840} INFO - DAG(s) 'nyc_taxi_pipeline' retrieved from /opt/airflow/dags/nyc_taxi_pipeline.py
[2026-08-30T15:38:42.775+0000] {logging_mixin.py:188} INFO - [2026-08-30T15:38:42.775+0000] {dag.py:3036} INFO - Sync 1 DAGs
[2026-08-30T15:38:42.792+0000] {logging_mixin.py:188} INFO - [2026-08-30T15:38:42.792+0000] {dag.py:3823} INFO - Setting next_dagrun for nyc_taxi_pipeline to 2026-08-30 00:00:00+00:00, run_after=2026-08-31 00:00:00+00:00
[2026-08-30T15:38:42.810+0000] {processor.py:183} INFO - Processing /opt/airflow/dags/nyc_taxi_pipeline.py took 0.078 seconds
[2026-08-30T15:39:12.925+0000] {processor.py:161} INFO - Started process (PID=1096) to work on /opt/airflow/dags/nyc_taxi_pipeline.py
[2026-08-30T15:39:12.926+0000] {processor.py:830} INFO - Processing file /opt/airflow/dags/nyc_taxi_pipeline.py for tasks to queue
[2026-08-30T15:39:12.927+0000] {logging_mixin.py:188} INFO - [2026-08-30T15:39:12.926+0000] {dagbag.py:538} INFO - Filling up the DagBag from /opt/airflow/dags/nyc_taxi_pipeline.py
[2026-08-30T15:39:12.944+0000] {processor.py:840} INFO - DAG(s) 'nyc_taxi_pipeline' retrieved from /opt/airflow/dags/nyc_taxi_pipeline.py
[2026-08-30T15:39:12.964+0000] {logging_mixin.py:188} INFO - [2026-08-30T15:39:12.963+0000] {dag.py:3036} INFO - Sync 1 DAGs
[2026-08-30T15:39:12.980+0000] {logging_mixin.py:188} INFO - [2026-08-30T15:39:12.980+0000] {dag.py:3823} INFO - Setting next_dagrun for nyc_taxi_pipeline to 2026-08-30 00:00:00+00:00, run_after=2026-08-31 00:00:00+00:00
[2026-08-30T15:39:12.997+0000] {processor.py:183} INFO - Processing /opt/airflow/dags/nyc_taxi_pipeline.py took 0.074 seconds
[2026-08-30T15:39:43.068+0000] {processor.py:161} INFO - Started process (PID=1101) to work on /opt/airflow/dags/nyc_taxi_pipeline.py
[2026-08-30T15:39:43.069+0000] {processor.py:830} INFO - Processing file /opt/airflow/dags/nyc_taxi_pipeline.py for tasks to queue
[2026-08-30T15:39:43.070+0000] {logging_mixin.py:188} INFO - [2026-08-30T15:39:43.070+0000] {dagbag.py:538} INFO - Filling up the DagBag from /opt/airflow/dags/nyc_taxi_pipeline.py
[2026-08-30T15:39:43.092+0000] {processor.py:840} INFO - DAG(s) 'nyc_taxi_pipeline' retrieved from /opt/airflow/dags/nyc_taxi_pipeline.py
[2026-08-30T15:39:43.114+0000] {logging_mixin.py:188} INFO - [2026-08-30T15:39:43.114+0000] {dag.py:3036} INFO - Sync 1 DAGs
[2026-08-30T15:39:43.131+0000] {logging_mixin.py:188} INFO - [2026-08-30T15:39:43.131+0000] {dag.py:3823} INFO - Setting next_dagrun for nyc_taxi_pipeline to 2026-08-30 00:00:00+00:00, run_after=2026-08-31 00:00:00+00:00
[2026-08-30T15:39:43.147+0000] {processor.py:183} INFO - Processing /opt/airflow/dags/nyc_taxi_pipeline.py took 0.082 seconds
[2026-08-30T15:40:13.254+0000] {processor.py:161} INFO - Started process (PID=1106) to work on /opt/airflow/dags/nyc_taxi_pipeline.py
[2026-08-30T15:40:13.255+0000] {processor.py:830} INFO - Processing file /opt/airflow/dags/nyc_taxi_pipeline.py for tasks to queue
[2026-08-30T15:40:13.256+0000] {logging_mixin.py:188} INFO - [2026-08-30T15:40:13.256+0000] {dagbag.py:538} INFO - Filling up the DagBag from /opt/airflow/dags/nyc_taxi_pipeline.py
[2026-08-30T15:40:13.274+0000] {processor.py:840} INFO - DAG(s) 'nyc_taxi_pipeline' retrieved from /opt/airflow/dags/nyc_taxi_pipeline.py
[2026-08-30T15:40:13.293+0000] {logging_mixin.py:188} INFO - [2026-08-30T15:40:13.293+0000] {dag.py:3036} INFO - Sync 1 DAGs
[2026-08-30T15:40:13.307+0000] {logging_mixin.py:188} INFO - [2026-08-30T15:40:13.307+0000] {dag.py:3823} INFO - Setting next_dagrun for nyc_taxi_pipeline to 2026-08-30 00:00:00+00:00, run_after=2026-08-31 00:00:00+00:00
[2026-08-30T15:40:13.325+0000] {processor.py:183} INFO - Processing /opt/airflow/dags/nyc_taxi_pipeline.py took 0.073 seconds
[2026-08-30T15:40:43.394+0000] {processor.py:161} INFO - Started process (PID=1111) to work on /opt/airflow/dags/nyc_taxi_pipeline.py
[2026-08-30T15:40:43.395+0000] {processor.py:830} INFO - Processing file /opt/airflow/dags/nyc_taxi_pipeline.py for tasks to queue
[2026-08-30T15:40:43.396+0000] {logging_mixin.py:188} INFO - [2026-08-30T15:40:43.396+0000] {dagbag.py:538} INFO - Filling up the DagBag from /opt/airflow/dags/nyc_taxi_pipeline.py
[2026-08-30T15:40:43.413+0000] {processor.py:840} INFO - DAG(s) 'nyc_taxi_pipeline' retrieved from /opt/airflow/dags/nyc_taxi_pipeline.py
[2026-08-30T15:40:43.435+0000] {logging_mixin.py:188} INFO - [2026-08-30T15:40:43.435+0000] {dag.py:3036} INFO - Sync 1 DAGs
[2026-08-30T15:40:43.451+0000] {logging_mixin.py:188} INFO - [2026-08-30T15:40:43.451+0000] {dag.py:3823} INFO - Setting next_dagrun for nyc_taxi_pipeline to 2026-08-30 00:00:00+00:00, run_after=2026-08-31 00:00:00+00:00
[2026-08-30T15:40:43.469+0000] {processor.py:183} INFO - Processing /opt/airflow/dags/nyc_taxi_pipeline.py took 0.076 seconds
[2026-08-30T15:41:13.600+0000] {processor.py:161} INFO - Started process (PID=1116) to work on /opt/airflow/dags/nyc_taxi_pipeline.py
[2026-08-30T15:41:13.601+0000] {processor.py:830} INFO - Processing file /opt/airflow/dags/nyc_taxi_pipeline.py for tasks to queue
[2026-08-30T15:41:13.602+0000] {logging_mixin.py:188} INFO - [2026-08-30T15:41:13.602+0000] {dagbag.py:538} INFO - Filling up the DagBag from /opt/airflow/dags/nyc_taxi_pipeline.py
[2026-08-30T15:41:13.621+0000] {processor.py:840} INFO - DAG(s) 'nyc_taxi_pipeline' retrieved from /opt/airflow/dags/nyc_taxi_pipeline.py
[2026-08-30T15:41:13.641+0000] {logging_mixin.py:188} INFO - [2026-08-30T15:41:13.641+0000] {dag.py:3036} INFO - Sync 1 DAGs
[2026-08-30T15:41:13.658+0000] {logging_mixin.py:188} INFO - [2026-08-30T15:41:13.658+0000] {dag.py:3823} INFO - Setting next_dagrun for nyc_taxi_pipeline to 2026-08-30 00:00:00+00:00, run_after=2026-08-31 00:00:00+00:00
[2026-08-30T15:41:13.679+0000] {processor.py:183} INFO - Processing /opt/airflow/dags/nyc_taxi_pipeline.py took 0.081 seconds
[2026-08-30T15:41:43.750+0000] {processor.py:161} INFO - Started process (PID=1121) to work on /opt/airflow/dags/nyc_taxi_pipeline.py
[2026-08-30T15:41:43.751+0000] {processor.py:830} INFO - Processing file /opt/airflow/dags/nyc_taxi_pipeline.py for tasks to queue
[2026-08-30T15:41:43.752+0000] {logging_mixin.py:188} INFO - [2026-08-30T15:41:43.751+0000] {dagbag.py:538} INFO - Filling up the DagBag from /opt/airflow/dags/nyc_taxi_pipeline.py
[2026-08-30T15:41:43.769+0000] {processor.py:840} INFO - DAG(s) 'nyc_taxi_pipeline' retrieved from /opt/airflow/dags/nyc_taxi_pipeline.py
[2026-08-30T15:41:43.787+0000] {logging_mixin.py:188} INFO - [2026-08-30T15:41:43.787+0000] {dag.py:3036} INFO - Sync 1 DAGs
[2026-08-30T15:41:43.803+0000] {logging_mixin.py:188} INFO - [2026-08-30T15:41:43.803+0000] {dag.py:3823} INFO - Setting next_dagrun for nyc_taxi_pipeline to 2026-08-30 00:00:00+00:00, run_after=2026-08-31 00:00:00+00:00
[2026-08-30T15:41:43.822+0000] {processor.py:183} INFO - Processing /opt/airflow/dags/nyc_taxi_pipeline.py took 0.074 seconds
[2026-08-30T15:42:13.946+0000] {processor.py:161} INFO - Started process (PID=1126) to work on /opt/airflow/dags/nyc_taxi_pipeline.py
[2026-08-30T15:42:13.947+0000] {processor.py:830} INFO - Processing file /opt/airflow/dags/nyc_taxi_pipeline.py for tasks to queue
[2026-08-30T15:42:13.949+0000] {logging_mixin.py:188} INFO - [2026-08-30T15:42:13.948+0000] {dagbag.py:538} INFO - Filling up the DagBag from /opt/airflow/dags/nyc_taxi_pipeline.py
[2026-08-30T15:42:13.966+0000] {processor.py:840} INFO - DAG(s) 'nyc_taxi_pipeline' retrieved from /opt/airflow/dags/nyc_taxi_pipeline.py
[2026-08-30T15:42:13.985+0000] {logging_mixin.py:188} INFO - [2026-08-30T15:42:13.985+0000] {dag.py:3036} INFO - Sync 1 DAGs
[2026-08-30T15:42:14.001+0000] {logging_mixin.py:188} INFO - [2026-08-30T15:42:14.001+0000] {dag.py:3823} INFO - Setting next_dagrun for nyc_taxi_pipeline to 2026-08-30 00:00:00+00:00, run_after=2026-08-31 00:00:00+00:00
[2026-08-30T15:42:14.018+0000] {processor.py:183} INFO - Processing /opt/airflow/dags/nyc_taxi_pipeline.py took 0.073 seconds
[2026-08-30T15:42:44.090+0000] {processor.py:161} INFO - Started process (PID=1131) to work on /opt/airflow/dags/nyc_taxi_pipeline.py
[2026-08-30T15:42:44.091+0000] {processor.py:830} INFO - Processing file /opt/airflow/dags/nyc_taxi_pipeline.py for tasks to queue
[2026-08-30T15:42:44.092+0000] {logging_mixin.py:188} INFO - [2026-08-30T15:42:44.092+0000] {dagbag.py:538} INFO - Filling up the DagBag from /opt/airflow/dags/nyc_taxi_pipeline.py
[2026-08-30T15:42:44.109+0000] {processor.py:840} INFO - DAG(s) 'nyc_taxi_pipeline' retrieved from /opt/airflow/dags/nyc_taxi_pipeline.py
[2026-08-30T15:42:44.128+0000] {logging_mixin.py:188} INFO - [2026-08-30T15:42:44.128+0000] {dag.py:3036} INFO - Sync 1 DAGs
[2026-08-30T15:42:44.144+0000] {logging_mixin.py:188} INFO - [2026-08-30T15:42:44.144+0000] {dag.py:3823} INFO - Setting next_dagrun for nyc_taxi_pipeline to 2026-08-30 00:00:00+00:00, run_after=2026-08-31 00:00:00+00:00
[2026-08-30T15:42:44.160+0000] {processor.py:183} INFO - Processing /opt/airflow/dags/nyc_taxi_pipeline.py took 0.072 seconds
[2026-08-30T15:43:14.257+0000] {processor.py:161} INFO - Started process (PID=1136) to work on /opt/airflow/dags/nyc_taxi_pipeline.py
[2026-08-30T15:43:14.258+0000] {processor.py:830} INFO - Processing file /opt/airflow/dags/nyc_taxi_pipeline.py for tasks to queue
[2026-08-30T15:43:14.259+0000] {logging_mixin.py:188} INFO - [2026-08-30T15:43:14.259+0000] {dagbag.py:538} INFO - Filling up the DagBag from /opt/airflow/dags/nyc_taxi_pipeline.py
[2026-08-30T15:43:14.276+0000] {processor.py:840} INFO - DAG(s) 'nyc_taxi_pipeline' retrieved from /opt/airflow/dags/nyc_taxi_pipeline.py
[2026-08-30T15:43:14.295+0000] {logging_mixin.py:188} INFO - [2026-08-30T15:43:14.295+0000] {dag.py:3036} INFO - Sync 1 DAGs
[2026-08-30T15:43:14.310+0000] {logging_mixin.py:188} INFO - [2026-08-30T15:43:14.310+0000] {dag.py:3823} INFO - Setting next_dagrun for nyc_taxi_pipeline to 2026-08-30 00:00:00+00:00, run_after=2026-08-31 00:00:00+00:00
[2026-08-30T15:43:14.324+0000] {processor.py:183} INFO - Processing /opt/airflow/dags/nyc_taxi_pipeline.py took 0.069 seconds
[2026-08-30T15:43:44.404+0000] {processor.py:161} INFO - Started process (PID=1141) to work on /opt/airflow/dags/nyc_taxi_pipeline.py
[2026-08-30T15:43:44.405+0000] {processor.py:830} INFO - Processing file /opt/airflow/dags/nyc_taxi_pipeline.py for tasks to queue
[2026-08-30T15:43:44.406+0000] {logging_mixin.py:188} INFO - [2026-08-30T15:43:44.406+0000] {dagbag.py:538} INFO - Filling up the DagBag from /opt/airflow/dags/nyc_taxi_pipeline.py
[2026-08-30T15:43:44.424+0000] {processor.py:840} INFO - DAG(s) 'nyc_taxi_pipeline' retrieved from /opt/airflow/dags/nyc_taxi_pipeline.py
[2026-08-30T15:43:44.444+0000] {logging_mixin.py:188} INFO - [2026-08-30T15:43:44.443+0000] {dag.py:3036} INFO - Sync 1 DAGs
[2026-08-30T15:43:44.458+0000] {logging_mixin.py:188} INFO - [2026-08-30T15:43:44.458+0000] {dag.py:3823} INFO - Setting next_dagrun for nyc_taxi_pipeline to 2026-08-30 00:00:00+00:00, run_after=2026-08-31 00:00:00+00:00
[2026-08-30T15:43:44.473+0000] {processor.py:183} INFO - Processing /opt/airflow/dags/nyc_taxi_pipeline.py took 0.071 seconds
[2026-08-30T15:44:14.576+0000] {processor.py:161} INFO - Started process (PID=1146) to work on /opt/airflow/dags/nyc_taxi_pipeline.py
[2026-08-30T15:44:14.577+0000] {processor.py:830} INFO - Processing file /opt/airflow/dags/nyc_taxi_pipeline.py for tasks to queue
[2026-08-30T15:44:14.578+0000] {logging_mixin.py:188} INFO - [2026-08-30T15:44:14.578+0000] {dagbag.py:538} INFO - Filling up the DagBag from /opt/airflow/dags/nyc_taxi_pipeline.py
[2026-08-30T15:44:14.595+0000] {processor.py:840} INFO - DAG(s) 'nyc_taxi_pipeline' retrieved from /opt/airflow/dags/nyc_taxi_pipeline.py
[2026-08-30T15:44:14.613+0000] {logging_mixin.py:188} INFO - [2026-08-30T15:44:14.613+0000] {dag.py:3036} INFO - Sync 1 DAGs
[2026-08-30T15:44:14.628+0000] {logging_mixin.py:188} INFO - [2026-08-30T15:44:14.627+0000] {dag.py:3823} INFO - Setting next_dagrun for nyc_taxi_pipeline to 2026-08-30 00:00:00+00:00, run_after=2026-08-31 00:00:00+00:00
[2026-08-30T15:44:14.643+0000] {processor.py:183} INFO - Processing /opt/airflow/dags/nyc_taxi_pipeline.py took 0.068 seconds
[2026-08-30T15:44:44.725+0000] {processor.py:161} INFO - Started process (PID=1151) to work on /opt/airflow/dags/nyc_taxi_pipeline.py
[2026-08-30T15:44:44.726+0000] {processor.py:830} INFO - Processing file /opt/airflow/dags/nyc_taxi_pipeline.py for tasks to queue
[2026-08-30T15:44:44.728+0000] {logging_mixin.py:188} INFO - [2026-08-30T15:44:44.727+0000] {dagbag.py:538} INFO - Filling up the DagBag from /opt/airflow/dags/nyc_taxi_pipeline.py
[2026-08-30T15:44:44.746+0000] {processor.py:840} INFO - DAG(s) 'nyc_taxi_pipeline' retrieved from /opt/airflow/dags/nyc_taxi_pipeline.py
[2026-08-30T15:44:44.767+0000] {logging_mixin.py:188} INFO - [2026-08-30T15:44:44.767+0000] {dag.py:3036} INFO - Sync 1 DAGs
[2026-08-30T15:44:44.785+0000] {logging_mixin.py:188} INFO - [2026-08-30T15:44:44.785+0000] {dag.py:3823} INFO - Setting next_dagrun for nyc_taxi_pipeline to 2026-08-30 00:00:00+00:00, run_after=2026-08-31 00:00:00+00:00
[2026-08-30T15:44:44.804+0000] {processor.py:183} INFO - Processing /opt/airflow/dags/nyc_taxi_pipeline.py took 0.082 seconds
[2026-08-30T15:45:14.903+0000] {processor.py:161} INFO - Started process (PID=1156) to work on /opt/airflow/dags/nyc_taxi_pipeline.py
[2026-08-30T15:45:14.904+0000] {processor.py:830} INFO - Processing file /opt/airflow/dags/nyc_taxi_pipeline.py for tasks to queue
[2026-08-30T15:45:14.905+0000] {logging_mixin.py:188} INFO - [2026-08-30T15:45:14.905+0000] {dagbag.py:538} INFO - Filling up the DagBag from /opt/airflow/dags/nyc_taxi_pipeline.py
[2026-08-30T15:45:14.922+0000] {processor.py:840} INFO - DAG(s) 'nyc_taxi_pipeline' retrieved from /opt/airflow/dags/nyc_taxi_pipeline.py
[2026-08-30T15:45:14.943+0000] {logging_mixin.py:188} INFO - [2026-08-30T15:45:14.943+0000] {dag.py:3036} INFO - Sync 1 DAGs
[2026-08-30T15:45:14.959+0000] {logging_mixin.py:188} INFO - [2026-08-30T15:45:14.959+0000] {dag.py:3823} INFO - Setting next_dagrun for nyc_taxi_pipeline to 2026-08-30 00:00:00+00:00, run_after=2026-08-31 00:00:00+00:00
[2026-08-30T15:45:14.976+0000] {processor.py:183} INFO - Processing /opt/airflow/dags/nyc_taxi_pipeline.py took 0.076 seconds
[2026-08-30T15:45:45.063+0000] {processor.py:161} INFO - Started process (PID=1161) to work on /opt/airflow/dags/nyc_taxi_pipeline.py
[2026-08-30T15:45:45.064+0000] {processor.py:830} INFO - Processing file /opt/airflow/dags/nyc_taxi_pipeline.py for tasks to queue
[2026-08-30T15:45:45.066+0000] {logging_mixin.py:188} INFO - [2026-08-30T15:45:45.065+0000] {dagbag.py:538} INFO - Filling up the DagBag from /opt/airflow/dags/nyc_taxi_pipeline.py
[2026-08-30T15:45:45.085+0000] {processor.py:840} INFO - DAG(s) 'nyc_taxi_pipeline' retrieved from /opt/airflow/dags/nyc_taxi_pipeline.py
[2026-08-30T15:45:45.103+0000] {logging_mixin.py:188} INFO - [2026-08-30T15:45:45.103+0000] {dag.py:3036} INFO - Sync 1 DAGs
[2026-08-30T15:45:45.118+0000] {logging_mixin.py:188} INFO - [2026-08-30T15:45:45.118+0000] {dag.py:3823} INFO - Setting next_dagrun for nyc_taxi_pipeline to 2026-08-30 00:00:00+00:00, run_after=2026-08-31 00:00:00+00:00
[2026-08-30T15:45:45.137+0000] {processor.py:183} INFO - Processing /opt/airflow/dags/nyc_taxi_pipeline.py took 0.076 seconds
[2026-08-30T15:46:15.268+0000] {processor.py:161} INFO - Started process (PID=1166) to work on /opt/airflow/dags/nyc_taxi_pipeline.py
[2026-08-30T15:46:15.269+0000] {processor.py:830} INFO - Processing file /opt/airflow/dags/nyc_taxi_pipeline.py for tasks to queue
[2026-08-30T15:46:15.270+0000] {logging_mixin.py:188} INFO - [2026-08-30T15:46:15.270+0000] {dagbag.py:538} INFO - Filling up the DagBag from /opt/airflow/dags/nyc_taxi_pipeline.py
[2026-08-30T15:46:15.287+0000] {processor.py:840} INFO - DAG(s) 'nyc_taxi_pipeline' retrieved from /opt/airflow/dags/nyc_taxi_pipeline.py
[2026-08-30T15:46:15.308+0000] {logging_mixin.py:188} INFO - [2026-08-30T15:46:15.308+0000] {dag.py:3036} INFO - Sync 1 DAGs
[2026-08-30T15:46:15.325+0000] {logging_mixin.py:188} INFO - [2026-08-30T15:46:15.325+0000] {dag.py:3823} INFO - Setting next_dagrun for nyc_taxi_pipeline to 2026-08-30 00:00:00+00:00, run_after=2026-08-31 00:00:00+00:00
[2026-08-30T15:46:15.342+0000] {processor.py:183} INFO - Processing /opt/airflow/dags/nyc_taxi_pipeline.py took 0.076 seconds
[2026-08-30T15:46:45.418+0000] {processor.py:161} INFO - Started process (PID=1171) to work on /opt/airflow/dags/nyc_taxi_pipeline.py
[2026-08-30T15:46:45.419+0000] {processor.py:830} INFO - Processing file /opt/airflow/dags/nyc_taxi_pipeline.py for tasks to queue
[2026-08-30T15:46:45.420+0000] {logging_mixin.py:188} INFO - [2026-08-30T15:46:45.420+0000] {dagbag.py:538} INFO - Filling up the DagBag from /opt/airflow/dags/nyc_taxi_pipeline.py
[2026-08-30T15:46:45.437+0000] {processor.py:840} INFO - DAG(s) 'nyc_taxi_pipeline' retrieved from /opt/airflow/dags/nyc_taxi_pipeline.py
[2026-08-30T15:46:45.457+0000] {logging_mixin.py:188} INFO - [2026-08-30T15:46:45.457+0000] {dag.py:3036} INFO - Sync 1 DAGs
[2026-08-30T15:46:45.472+0000] {logging_mixin.py:188} INFO - [2026-08-30T15:46:45.471+0000] {dag.py:3823} INFO - Setting next_dagrun for nyc_taxi_pipeline to 2026-08-30 00:00:00+00:00, run_after=2026-08-31 00:00:00+00:00
[2026-08-30T15:46:45.489+0000] {processor.py:183} INFO - Processing /opt/airflow/dags/nyc_taxi_pipeline.py took 0.072 seconds
[2026-08-30T15:47:15.596+0000] {processor.py:161} INFO - Started process (PID=1176) to work on /opt/airflow/dags/nyc_taxi_pipeline.py
[2026-08-30T15:47:15.597+0000] {processor.py:830} INFO - Processing file /opt/airflow/dags/nyc_taxi_pipeline.py for tasks to queue
[2026-08-30T15:47:15.598+0000] {logging_mixin.py:188} INFO - [2026-08-30T15:47:15.597+0000] {dagbag.py:538} INFO - Filling up the DagBag from /opt/airflow/dags/nyc_taxi_pipeline.py
[2026-08-30T15:47:15.614+0000] {processor.py:840} INFO - DAG(s) 'nyc_taxi_pipeline' retrieved from /opt/airflow/dags/nyc_taxi_pipeline.py
[2026-08-30T15:47:15.632+0000] {logging_mixin.py:188} INFO - [2026-08-30T15:47:15.632+0000] {dag.py:3036} INFO - Sync 1 DAGs
[2026-08-30T15:47:15.647+0000] {logging_mixin.py:188} INFO - [2026-08-30T15:47:15.647+0000] {dag.py:3823} INFO - Setting next_dagrun for nyc_taxi_pipeline to 2026-08-30 00:00:00+00:00, run_after=2026-08-31 00:00:00+00:00
[2026-08-30T15:47:15.662+0000] {processor.py:183} INFO - Processing /opt/airflow/dags/nyc_taxi_pipeline.py took 0.068 seconds
[2026-08-30T15:47:45.736+0000] {processor.py:161} INFO - Started process (PID=1181) to work on /opt/airflow/dags/nyc_taxi_pipeline.py
[2026-08-30T15:47:45.737+0000] {processor.py:830} INFO - Processing file /opt/airflow/dags/nyc_taxi_pipeline.py for tasks to queue
[2026-08-30T15:47:45.738+0000] {logging_mixin.py:188} INFO - [2026-08-30T15:47:45.737+0000] {dagbag.py:538} INFO - Filling up the DagBag from /opt/airflow/dags/nyc_taxi_pipeline.py
[2026-08-30T15:47:45.756+0000] {processor.py:840} INFO - DAG(s) 'nyc_taxi_pipeline' retrieved from /opt/airflow/dags/nyc_taxi_pipeline.py
[2026-08-30T15:47:45.777+0000] {logging_mixin.py:188} INFO - [2026-08-30T15:47:45.777+0000] {dag.py:3036} INFO - Sync 1 DAGs
[2026-08-30T15:47:45.792+0000] {logging_mixin.py:188} INFO - [2026-08-30T15:47:45.792+0000] {dag.py:3823} INFO - Setting next_dagrun for nyc_taxi_pipeline to 2026-08-30 00:00:00+00:00, run_after=2026-08-31 00:00:00+00:00
[2026-08-30T15:47:45.810+0000] {processor.py:183} INFO - Processing /opt/airflow/dags/nyc_taxi_pipeline.py took 0.076 seconds
[2026-08-30T15:48:15.905+0000] {processor.py:161} INFO - Started process (PID=1186) to work on /opt/airflow/dags/nyc_taxi_pipeline.py
[2026-08-30T15:48:15.906+0000] {processor.py:830} INFO - Processing file /opt/airflow/dags/nyc_taxi_pipeline.py for tasks to queue
[2026-08-30T15:48:15.907+0000] {logging_mixin.py:188} INFO - [2026-08-30T15:48:15.907+0000] {dagbag.py:538} INFO - Filling up the DagBag from /opt/airflow/dags/nyc_taxi_pipeline.py
[2026-08-30T15:48:15.928+0000] {processor.py:840} INFO - DAG(s) 'nyc_taxi_pipeline' retrieved from /opt/airflow/dags/nyc_taxi_pipeline.py
[2026-08-30T15:48:15.949+0000] {logging_mixin.py:188} INFO - [2026-08-30T15:48:15.949+0000] {dag.py:3036} INFO - Sync 1 DAGs
[2026-08-30T15:48:15.965+0000] {logging_mixin.py:188} INFO - [2026-08-30T15:48:15.965+0000] {dag.py:3823} INFO - Setting next_dagrun for nyc_taxi_pipeline to 2026-08-30 00:00:00+00:00, run_after=2026-08-31 00:00:00+00:00
[2026-08-30T15:48:15.982+0000] {processor.py:183} INFO - Processing /opt/airflow/dags/nyc_taxi_pipeline.py took 0.079 seconds
[2026-08-30T15:48:46.054+0000] {processor.py:161} INFO - Started process (PID=1191) to work on /opt/airflow/dags/nyc_taxi_pipeline.py
[2026-08-30T15:48:46.055+0000] {processor.py:830} INFO - Processing file /opt/airflow/dags/nyc_taxi_pipeline.py for tasks to queue
[2026-08-30T15:48:46.056+0000] {logging_mixin.py:188} INFO - [2026-08-30T15:48:46.056+0000] {dagbag.py:538} INFO - Filling up the DagBag from /opt/airflow/dags/nyc_taxi_pipeline.py
[2026-08-30T15:48:46.074+0000] {processor.py:840} INFO - DAG(s) 'nyc_taxi_pipeline' retrieved from /opt/airflow/dags/nyc_taxi_pipeline.py
[2026-08-30T15:48:46.095+0000] {logging_mixin.py:188} INFO - [2026-08-30T15:48:46.094+0000] {dag.py:3036} INFO - Sync 1 DAGs
[2026-08-30T15:48:46.111+0000] {logging_mixin.py:188} INFO - [2026-08-30T15:48:46.110+0000] {dag.py:3823} INFO - Setting next_dagrun for nyc_taxi_pipeline to 2026-08-30 00:00:00+00:00, run_after=2026-08-31 00:00:00+00:00
[2026-08-30T15:48:46.126+0000] {processor.py:183} INFO - Processing /opt/airflow/dags/nyc_taxi_pipeline.py took 0.074 seconds
[2026-08-30T15:49:16.240+0000] {processor.py:161} INFO - Started process (PID=1196) to work on /opt/airflow/dags/nyc_taxi_pipeline.py
[2026-08-30T15:49:16.242+0000] {processor.py:830} INFO - Processing file /opt/airflow/dags/nyc_taxi_pipeline.py for tasks to queue
[2026-08-30T15:49:16.243+0000] {logging_mixin.py:188} INFO - [2026-08-30T15:49:16.242+0000] {dagbag.py:538} INFO - Filling up the DagBag from /opt/airflow/dags/nyc_taxi_pipeline.py
[2026-08-30T15:49:16.260+0000] {processor.py:840} INFO - DAG(s) 'nyc_taxi_pipeline' retrieved from /opt/airflow/dags/nyc_taxi_pipeline.py
[2026-08-30T15:49:16.279+0000] {logging_mixin.py:188} INFO - [2026-08-30T15:49:16.279+0000] {dag.py:3036} INFO - Sync 1 DAGs
[2026-08-30T15:49:16.293+0000] {logging_mixin.py:188} INFO - [2026-08-30T15:49:16.293+0000] {dag.py:3823} INFO - Setting next_dagrun for nyc_taxi_pipeline to 2026-08-30 00:00:00+00:00, run_after=2026-08-31 00:00:00+00:00
[2026-08-30T15:49:16.309+0000] {processor.py:183} INFO - Processing /opt/airflow/dags/nyc_taxi_pipeline.py took 0.071 seconds
[2026-08-30T15:49:46.393+0000] {processor.py:161} INFO - Started process (PID=1201) to work on /opt/airflow/dags/nyc_taxi_pipeline.py
[2026-08-30T15:49:46.394+0000] {processor.py:830} INFO - Processing file /opt/airflow/dags/nyc_taxi_pipeline.py for tasks to queue
[2026-08-30T15:49:46.395+0000] {logging_mixin.py:188} INFO - [2026-08-30T15:49:46.395+0000] {dagbag.py:538} INFO - Filling up the DagBag from /opt/airflow/dags/nyc_taxi_pipeline.py
[2026-08-30T15:49:46.414+0000] {processor.py:840} INFO - DAG(s) 'nyc_taxi_pipeline' retrieved from /opt/airflow/dags/nyc_taxi_pipeline.py
[2026-08-30T15:49:46.432+0000] {logging_mixin.py:188} INFO - [2026-08-30T15:49:46.432+0000] {dag.py:3036} INFO - Sync 1 DAGs
[2026-08-30T15:49:46.447+0000] {logging_mixin.py:188} INFO - [2026-08-30T15:49:46.447+0000] {dag.py:3823} INFO - Setting next_dagrun for nyc_taxi_pipeline to 2026-08-30 00:00:00+00:00, run_after=2026-08-31 00:00:00+00:00
[2026-08-30T15:49:46.463+0000] {processor.py:183} INFO - Processing /opt/airflow/dags/nyc_taxi_pipeline.py took 0.072 seconds
[2026-08-30T15:50:16.575+0000] {processor.py:161} INFO - Started process (PID=1206) to work on /opt/airflow/dags/nyc_taxi_pipeline.py
[2026-08-30T15:50:16.576+0000] {processor.py:830} INFO - Processing file /opt/airflow/dags/nyc_taxi_pipeline.py for tasks to queue
[2026-08-30T15:50:16.577+0000] {logging_mixin.py:188} INFO - [2026-08-30T15:50:16.577+0000] {dagbag.py:538} INFO - Filling up the DagBag from /opt/airflow/dags/nyc_taxi_pipeline.py
[2026-08-30T15:50:16.596+0000] {processor.py:840} INFO - DAG(s) 'nyc_taxi_pipeline' retrieved from /opt/airflow/dags/nyc_taxi_pipeline.py
[2026-08-30T15:50:16.614+0000] {logging_mixin.py:188} INFO - [2026-08-30T15:50:16.614+0000] {dag.py:3036} INFO - Sync 1 DAGs
[2026-08-30T15:50:16.629+0000] {logging_mixin.py:188} INFO - [2026-08-30T15:50:16.629+0000] {dag.py:3823} INFO - Setting next_dagrun for nyc_taxi_pipeline to 2026-08-30 00:00:00+00:00, run_after=2026-08-31 00:00:00+00:00
[2026-08-30T15:50:16.647+0000] {processor.py:183} INFO - Processing /opt/airflow/dags/nyc_taxi_pipeline.py took 0.074 seconds
[2026-08-30T15:50:46.727+0000] {processor.py:161} INFO - Started process (PID=1211) to work on /opt/airflow/dags/nyc_taxi_pipeline.py
[2026-08-30T15:50:46.728+0000] {processor.py:830} INFO - Processing file /opt/airflow/dags/nyc_taxi_pipeline.py for tasks to queue
[2026-08-30T15:50:46.729+0000] {logging_mixin.py:188} INFO - [2026-08-30T15:50:46.728+0000] {dagbag.py:538} INFO - Filling up the DagBag from /opt/airflow/dags/nyc_taxi_pipeline.py
[2026-08-30T15:50:46.746+0000] {processor.py:840} INFO - DAG(s) 'nyc_taxi_pipeline' retrieved from /opt/airflow/dags/nyc_taxi_pipeline.py
[2026-08-30T15:50:46.765+0000] {logging_mixin.py:188} INFO - [2026-08-30T15:50:46.765+0000] {dag.py:3036} INFO - Sync 1 DAGs
[2026-08-30T15:50:46.780+0000] {logging_mixin.py:188} INFO - [2026-08-30T15:50:46.780+0000] {dag.py:3823} INFO - Setting next_dagrun for nyc_taxi_pipeline to 2026-08-30 00:00:00+00:00, run_after=2026-08-31 00:00:00+00:00
[2026-08-30T15:50:46.800+0000] {processor.py:183} INFO - Processing /opt/airflow/dags/nyc_taxi_pipeline.py took 0.075 seconds
[2026-08-30T15:51:16.925+0000] {processor.py:161} INFO - Started process (PID=1216) to work on /opt/airflow/dags/nyc_taxi_pipeline.py
[2026-08-30T15:51:16.926+0000] {processor.py:830} INFO - Processing file /opt/airflow/dags/nyc_taxi_pipeline.py for tasks to queue
[2026-08-30T15:51:16.927+0000] {logging_mixin.py:188} INFO - [2026-08-30T15:51:16.926+0000] {dagbag.py:538} INFO - Filling up the DagBag from /opt/airflow/dags/nyc_taxi_pipeline.py
[2026-08-30T15:51:16.943+0000] {processor.py:840} INFO - DAG(s) 'nyc_taxi_pipeline' retrieved from /opt/airflow/dags/nyc_taxi_pipeline.py
[2026-08-30T15:51:16.961+0000] {logging_mixin.py:188} INFO - [2026-08-30T15:51:16.961+0000] {dag.py:3036} INFO - Sync 1 DAGs
[2026-08-30T15:51:16.976+0000] {logging_mixin.py:188} INFO - [2026-08-30T15:51:16.976+0000] {dag.py:3823} INFO - Setting next_dagrun for nyc_taxi_pipeline to 2026-08-30 00:00:00+00:00, run_after=2026-08-31 00:00:00+00:00
[2026-08-30T15:51:16.996+0000] {processor.py:183} INFO - Processing /opt/airflow/dags/nyc_taxi_pipeline.py took 0.074 seconds
[2026-08-30T15:51:47.065+0000] {processor.py:161} INFO - Started process (PID=1221) to work on /opt/airflow/dags/nyc_taxi_pipeline.py
[2026-08-30T15:51:47.066+0000] {processor.py:830} INFO - Processing file /opt/airflow/dags/nyc_taxi_pipeline.py for tasks to queue
[2026-08-30T15:51:47.067+0000] {logging_mixin.py:188} INFO - [2026-08-30T15:51:47.067+0000] {dagbag.py:538} INFO - Filling up the DagBag from /opt/airflow/dags/nyc_taxi_pipeline.py
[2026-08-30T15:51:47.086+0000] {processor.py:840} INFO - DAG(s) 'nyc_taxi_pipeline' retrieved from /opt/airflow/dags/nyc_taxi_pipeline.py
[2026-08-30T15:51:47.108+0000] {logging_mixin.py:188} INFO - [2026-08-30T15:51:47.107+0000] {dag.py:3036} INFO - Sync 1 DAGs
[2026-08-30T15:51:47.124+0000] {logging_mixin.py:188} INFO - [2026-08-30T15:51:47.124+0000] {dag.py:3823} INFO - Setting next_dagrun for nyc_taxi_pipeline to 2026-08-30 00:00:00+00:00, run_after=2026-08-31 00:00:00+00:00
[2026-08-30T15:51:47.145+0000] {processor.py:183} INFO - Processing /opt/airflow/dags/nyc_taxi_pipeline.py took 0.082 seconds
[2026-08-30T15:52:17.235+0000] {processor.py:161} INFO - Started process (PID=1226) to work on /opt/airflow/dags/nyc_taxi_pipeline.py
[2026-08-30T15:52:17.236+0000] {processor.py:830} INFO - Processing file /opt/airflow/dags/nyc_taxi_pipeline.py for tasks to queue
[2026-08-30T15:52:17.237+0000] {logging_mixin.py:188} INFO - [2026-08-30T15:52:17.237+0000] {dagbag.py:538} INFO - Filling up the DagBag from /opt/airflow/dags/nyc_taxi_pipeline.py
[2026-08-30T15:52:17.255+0000] {processor.py:840} INFO - DAG(s) 'nyc_taxi_pipeline' retrieved from /opt/airflow/dags/nyc_taxi_pipeline.py
[2026-08-30T15:52:17.274+0000] {logging_mixin.py:188} INFO - [2026-08-30T15:52:17.274+0000] {dag.py:3036} INFO - Sync 1 DAGs
[2026-08-30T15:52:17.289+0000] {logging_mixin.py:188} INFO - [2026-08-30T15:52:17.288+0000] {dag.py:3823} INFO - Setting next_dagrun for nyc_taxi_pipeline to 2026-08-30 00:00:00+00:00, run_after=2026-08-31 00:00:00+00:00
[2026-08-30T15:52:17.304+0000] {processor.py:183} INFO - Processing /opt/airflow/dags/nyc_taxi_pipeline.py took 0.072 seconds
[2026-08-30T15:52:47.384+0000] {processor.py:161} INFO - Started process (PID=1231) to work on /opt/airflow/dags/nyc_taxi_pipeline.py
[2026-08-30T15:52:47.385+0000] {processor.py:830} INFO - Processing file /opt/airflow/dags/nyc_taxi_pipeline.py for tasks to queue
[2026-08-30T15:52:47.386+0000] {logging_mixin.py:188} INFO - [2026-08-30T15:52:47.386+0000] {dagbag.py:538} INFO - Filling up the DagBag from /opt/airflow/dags/nyc_taxi_pipeline.py
[2026-08-30T15:52:47.405+0000] {processor.py:840} INFO - DAG(s) 'nyc_taxi_pipeline' retrieved from /opt/airflow/dags/nyc_taxi_pipeline.py
[2026-08-30T15:52:47.424+0000] {logging_mixin.py:188} INFO - [2026-08-30T15:52:47.424+0000] {dag.py:3036} INFO - Sync 1 DAGs
[2026-08-30T15:52:47.438+0000] {logging_mixin.py:188} INFO - [2026-08-30T15:52:47.438+0000] {dag.py:3823} INFO - Setting next_dagrun for nyc_taxi_pipeline to 2026-08-30 00:00:00+00:00, run_after=2026-08-31 00:00:00+00:00
[2026-08-30T15:52:47.454+0000] {processor.py:183} INFO - Processing /opt/airflow/dags/nyc_taxi_pipeline.py took 0.072 seconds
[2026-08-30T15:53:17.556+0000] {processor.py:161} INFO - Started process (PID=1236) to work on /opt/airflow/dags/nyc_taxi_pipeline.py
[2026-08-30T15:53:17.557+0000] {processor.py:830} INFO - Processing file /opt/airflow/dags/nyc_taxi_pipeline.py for tasks to queue
[2026-08-30T15:53:17.558+0000] {logging_mixin.py:188} INFO - [2026-08-30T15:53:17.557+0000] {dagbag.py:538} INFO - Filling up the DagBag from /opt/airflow/dags/nyc_taxi_pipeline.py
[2026-08-30T15:53:17.575+0000] {processor.py:840} INFO - DAG(s) 'nyc_taxi_pipeline' retrieved from /opt/airflow/dags/nyc_taxi_pipeline.py
[2026-08-30T15:53:17.594+0000] {logging_mixin.py:188} INFO - [2026-08-30T15:53:17.594+0000] {dag.py:3036} INFO - Sync 1 DAGs
[2026-08-30T15:53:17.609+0000] {logging_mixin.py:188} INFO - [2026-08-30T15:53:17.609+0000] {dag.py:3823} INFO - Setting next_dagrun for nyc_taxi_pipeline to 2026-08-30 00:00:00+00:00, run_after=2026-08-31 00:00:00+00:00
[2026-08-30T15:53:17.624+0000] {processor.py:183} INFO - Processing /opt/airflow/dags/nyc_taxi_pipeline.py took 0.071 seconds
[2026-08-30T15:53:47.717+0000] {processor.py:161} INFO - Started process (PID=1241) to work on /opt/airflow/dags/nyc_taxi_pipeline.py
[2026-08-30T15:53:47.718+0000] {processor.py:830} INFO - Processing file /opt/airflow/dags/nyc_taxi_pipeline.py for tasks to queue
[2026-08-30T15:53:47.719+0000] {logging_mixin.py:188} INFO - [2026-08-30T15:53:47.719+0000] {dagbag.py:538} INFO - Filling up the DagBag from /opt/airflow/dags/nyc_taxi_pipeline.py
[2026-08-30T15:53:47.739+0000] {processor.py:840} INFO - DAG(s) 'nyc_taxi_pipeline' retrieved from /opt/airflow/dags/nyc_taxi_pipeline.py
[2026-08-30T15:53:47.759+0000] {logging_mixin.py:188} INFO - [2026-08-30T15:53:47.759+0000] {dag.py:3036} INFO - Sync 1 DAGs
[2026-08-30T15:53:47.776+0000] {logging_mixin.py:188} INFO - [2026-08-30T15:53:47.776+0000] {dag.py:3823} INFO - Setting next_dagrun for nyc_taxi_pipeline to 2026-08-30 00:00:00+00:00, run_after=2026-08-31 00:00:00+00:00
[2026-08-30T15:53:47.794+0000] {processor.py:183} INFO - Processing /opt/airflow/dags/nyc_taxi_pipeline.py took 0.079 seconds
[2026-08-30T15:54:17.886+0000] {processor.py:161} INFO - Started process (PID=1246) to work on /opt/airflow/dags/nyc_taxi_pipeline.py
[2026-08-30T15:54:17.887+0000] {processor.py:830} INFO - Processing file /opt/airflow/dags/nyc_taxi_pipeline.py for tasks to queue
[2026-08-30T15:54:17.888+0000] {logging_mixin.py:188} INFO - [2026-08-30T15:54:17.888+0000] {dagbag.py:538} INFO - Filling up the DagBag from /opt/airflow/dags/nyc_taxi_pipeline.py
[2026-08-30T15:54:17.907+0000] {processor.py:840} INFO - DAG(s) 'nyc_taxi_pipeline' retrieved from /opt/airflow/dags/nyc_taxi_pipeline.py
[2026-08-30T15:54:17.927+0000] {logging_mixin.py:188} INFO - [2026-08-30T15:54:17.927+0000] {dag.py:3036} INFO - Sync 1 DAGs
[2026-08-30T15:54:17.943+0000] {logging_mixin.py:188} INFO - [2026-08-30T15:54:17.943+0000] {dag.py:3823} INFO - Setting next_dagrun for nyc_taxi_pipeline to 2026-08-30 00:00:00+00:00, run_after=2026-08-31 00:00:00+00:00
[2026-08-30T15:54:17.965+0000] {processor.py:183} INFO - Processing /opt/airflow/dags/nyc_taxi_pipeline.py took 0.082 seconds
[2026-08-30T15:54:48.062+0000] {processor.py:161} INFO - Started process (PID=1251) to work on /opt/airflow/dags/nyc_taxi_pipeline.py
[2026-08-30T15:54:48.063+0000] {processor.py:830} INFO - Processing file /opt/airflow/dags/nyc_taxi_pipeline.py for tasks to queue
[2026-08-30T15:54:48.064+0000] {logging_mixin.py:188} INFO - [2026-08-30T15:54:48.064+0000] {dagbag.py:538} INFO - Filling up the DagBag from /opt/airflow/dags/nyc_taxi_pipeline.py
[2026-08-30T15:54:48.087+0000] {processor.py:840} INFO - DAG(s) 'nyc_taxi_pipeline' retrieved from /opt/airflow/dags/nyc_taxi_pipeline.py
[2026-08-30T15:54:48.112+0000] {logging_mixin.py:188} INFO - [2026-08-30T15:54:48.111+0000] {dag.py:3036} INFO - Sync 1 DAGs
[2026-08-30T15:54:48.131+0000] {logging_mixin.py:188} INFO - [2026-08-30T15:54:48.131+0000] {dag.py:3823} INFO - Setting next_dagrun for nyc_taxi_pipeline to 2026-08-30 00:00:00+00:00, run_after=2026-08-31 00:00:00+00:00
[2026-08-30T15:54:48.150+0000] {processor.py:183} INFO - Processing /opt/airflow/dags/nyc_taxi_pipeline.py took 0.093 seconds
[2026-08-30T15:55:18.235+0000] {processor.py:161} INFO - Started process (PID=1256) to work on /opt/airflow/dags/nyc_taxi_pipeline.py
[2026-08-30T15:55:18.236+0000] {processor.py:830} INFO - Processing file /opt/airflow/dags/nyc_taxi_pipeline.py for tasks to queue
[2026-08-30T15:55:18.237+0000] {logging_mixin.py:188} INFO - [2026-08-30T15:55:18.237+0000] {dagbag.py:538} INFO - Filling up the DagBag from /opt/airflow/dags/nyc_taxi_pipeline.py
[2026-08-30T15:55:18.255+0000] {processor.py:840} INFO - DAG(s) 'nyc_taxi_pipeline' retrieved from /opt/airflow/dags/nyc_taxi_pipeline.py
[2026-08-30T15:55:18.275+0000] {logging_mixin.py:188} INFO - [2026-08-30T15:55:18.275+0000] {dag.py:3036} INFO - Sync 1 DAGs
[2026-08-30T15:55:18.292+0000] {logging_mixin.py:188} INFO - [2026-08-30T15:55:18.292+0000] {dag.py:3823} INFO - Setting next_dagrun for nyc_taxi_pipeline to 2026-08-30 00:00:00+00:00, run_after=2026-08-31 00:00:00+00:00
[2026-08-30T15:55:18.315+0000] {processor.py:183} INFO - Processing /opt/airflow/dags/nyc_taxi_pipeline.py took 0.083 seconds
[2026-08-30T15:55:48.412+0000] {processor.py:161} INFO - Started process (PID=1261) to work on /opt/airflow/dags/nyc_taxi_pipeline.py
[2026-08-30T15:55:48.413+0000] {processor.py:830} INFO - Processing file /opt/airflow/dags/nyc_taxi_pipeline.py for tasks to queue
[2026-08-30T15:55:48.414+0000] {logging_mixin.py:188} INFO - [2026-08-30T15:55:48.414+0000] {dagbag.py:538} INFO - Filling up the DagBag from /opt/airflow/dags/nyc_taxi_pipeline.py
[2026-08-30T15:55:48.433+0000] {processor.py:840} INFO - DAG(s) 'nyc_taxi_pipeline' retrieved from /opt/airflow/dags/nyc_taxi_pipeline.py
[2026-08-30T15:55:48.452+0000] {logging_mixin.py:188} INFO - [2026-08-30T15:55:48.452+0000] {dag.py:3036} INFO - Sync 1 DAGs
[2026-08-30T15:55:48.469+0000] {logging_mixin.py:188} INFO - [2026-08-30T15:55:48.469+0000] {dag.py:3823} INFO - Setting next_dagrun for nyc_taxi_pipeline to 2026-08-30 00:00:00+00:00, run_after=2026-08-31 00:00:00+00:00
[2026-08-30T15:55:48.492+0000] {processor.py:183} INFO - Processing /opt/airflow/dags/nyc_taxi_pipeline.py took 0.083 seconds
[2026-08-30T15:56:18.600+0000] {processor.py:161} INFO - Started process (PID=1266) to work on /opt/airflow/dags/nyc_taxi_pipeline.py
[2026-08-30T15:56:18.601+0000] {processor.py:830} INFO - Processing file /opt/airflow/dags/nyc_taxi_pipeline.py for tasks to queue
[2026-08-30T15:56:18.602+0000] {logging_mixin.py:188} INFO - [2026-08-30T15:56:18.601+0000] {dagbag.py:538} INFO - Filling up the DagBag from /opt/airflow/dags/nyc_taxi_pipeline.py
[2026-08-30T15:56:18.618+0000] {processor.py:840} INFO - DAG(s) 'nyc_taxi_pipeline' retrieved from /opt/airflow/dags/nyc_taxi_pipeline.py
[2026-08-30T15:56:18.636+0000] {logging_mixin.py:188} INFO - [2026-08-30T15:56:18.636+0000] {dag.py:3036} INFO - Sync 1 DAGs
[2026-08-30T15:56:18.652+0000] {logging_mixin.py:188} INFO - [2026-08-30T15:56:18.651+0000] {dag.py:3823} INFO - Setting next_dagrun for nyc_taxi_pipeline to 2026-08-30 00:00:00+00:00, run_after=2026-08-31 00:00:00+00:00
[2026-08-30T15:56:18.668+0000] {processor.py:183} INFO - Processing /opt/airflow/dags/nyc_taxi_pipeline.py took 0.070 seconds
[2026-08-30T15:56:48.755+0000] {processor.py:161} INFO - Started process (PID=1271) to work on /opt/airflow/dags/nyc_taxi_pipeline.py
[2026-08-30T15:56:48.757+0000] {processor.py:830} INFO - Processing file /opt/airflow/dags/nyc_taxi_pipeline.py for tasks to queue
[2026-08-30T15:56:48.758+0000] {logging_mixin.py:188} INFO - [2026-08-30T15:56:48.758+0000] {dagbag.py:538} INFO - Filling up the DagBag from /opt/airflow/dags/nyc_taxi_pipeline.py
[2026-08-30T15:56:48.778+0000] {processor.py:840} INFO - DAG(s) 'nyc_taxi_pipeline' retrieved from /opt/airflow/dags/nyc_taxi_pipeline.py
[2026-08-30T15:56:48.798+0000] {logging_mixin.py:188} INFO - [2026-08-30T15:56:48.798+0000] {dag.py:3036} INFO - Sync 1 DAGs
[2026-08-30T15:56:48.815+0000] {logging_mixin.py:188} INFO - [2026-08-30T15:56:48.815+0000] {dag.py:3823} INFO - Setting next_dagrun for nyc_taxi_pipeline to 2026-08-30 00:00:00+00:00, run_after=2026-08-31 00:00:00+00:00
[2026-08-30T15:56:48.836+0000] {processor.py:183} INFO - Processing /opt/airflow/dags/nyc_taxi_pipeline.py took 0.083 seconds
[2026-08-30T15:57:18.922+0000] {processor.py:161} INFO - Started process (PID=1276) to work on /opt/airflow/dags/nyc_taxi_pipeline.py
[2026-08-30T15:57:18.923+0000] {processor.py:830} INFO - Processing file /opt/airflow/dags/nyc_taxi_pipeline.py for tasks to queue
[2026-08-30T15:57:18.924+0000] {logging_mixin.py:188} INFO - [2026-08-30T15:57:18.924+0000] {dagbag.py:538} INFO - Filling up the DagBag from /opt/airflow/dags/nyc_taxi_pipeline.py
[2026-08-30T15:57:18.942+0000] {processor.py:840} INFO - DAG(s) 'nyc_taxi_pipeline' retrieved from /opt/airflow/dags/nyc_taxi_pipeline.py
[2026-08-30T15:57:18.962+0000] {logging_mixin.py:188} INFO - [2026-08-30T15:57:18.962+0000] {dag.py:3036} INFO - Sync 1 DAGs
[2026-08-30T15:57:18.978+0000] {logging_mixin.py:188} INFO - [2026-08-30T15:57:18.978+0000] {dag.py:3823} INFO - Setting next_dagrun for nyc_taxi_pipeline to 2026-08-30 00:00:00+00:00, run_after=2026-08-31 00:00:00+00:00
[2026-08-30T15:57:18.994+0000] {processor.py:183} INFO - Processing /opt/airflow/dags/nyc_taxi_pipeline.py took 0.074 seconds
[2026-08-30T15:57:49.095+0000] {processor.py:161} INFO - Started process (PID=1281) to work on /opt/airflow/dags/nyc_taxi_pipeline.py
[2026-08-30T15:57:49.097+0000] {processor.py:830} INFO - Processing file /opt/airflow/dags/nyc_taxi_pipeline.py for tasks to queue
[2026-08-30T15:57:49.098+0000] {logging_mixin.py:188} INFO - [2026-08-30T15:57:49.097+0000] {dagbag.py:538} INFO - Filling up the DagBag from /opt/airflow/dags/nyc_taxi_pipeline.py
[2026-08-30T15:57:49.118+0000] {processor.py:840} INFO - DAG(s) 'nyc_taxi_pipeline' retrieved from /opt/airflow/dags/nyc_taxi_pipeline.py
[2026-08-30T15:57:49.141+0000] {logging_mixin.py:188} INFO - [2026-08-30T15:57:49.141+0000] {dag.py:3036} INFO - Sync 1 DAGs
[2026-08-30T15:57:49.160+0000] {logging_mixin.py:188} INFO - [2026-08-30T15:57:49.160+0000] {dag.py:3823} INFO - Setting next_dagrun for nyc_taxi_pipeline to 2026-08-30 00:00:00+00:00, run_after=2026-08-31 00:00:00+00:00
[2026-08-30T15:57:49.189+0000] {processor.py:183} INFO - Processing /opt/airflow/dags/nyc_taxi_pipeline.py took 0.096 seconds
[2026-08-30T15:58:19.253+0000] {processor.py:161} INFO - Started process (PID=1286) to work on /opt/airflow/dags/nyc_taxi_pipeline.py
[2026-08-30T15:58:19.254+0000] {processor.py:830} INFO - Processing file /opt/airflow/dags/nyc_taxi_pipeline.py for tasks to queue
[2026-08-30T15:58:19.255+0000] {logging_mixin.py:188} INFO - [2026-08-30T15:58:19.255+0000] {dagbag.py:538} INFO - Filling up the DagBag from /opt/airflow/dags/nyc_taxi_pipeline.py
[2026-08-30T15:58:19.274+0000] {processor.py:840} INFO - DAG(s) 'nyc_taxi_pipeline' retrieved from /opt/airflow/dags/nyc_taxi_pipeline.py
[2026-08-30T15:58:19.295+0000] {logging_mixin.py:188} INFO - [2026-08-30T15:58:19.294+0000] {dag.py:3036} INFO - Sync 1 DAGs
[2026-08-30T15:58:19.311+0000] {logging_mixin.py:188} INFO - [2026-08-30T15:58:19.311+0000] {dag.py:3823} INFO - Setting next_dagrun for nyc_taxi_pipeline to 2026-08-30 00:00:00+00:00, run_after=2026-08-31 00:00:00+00:00
[2026-08-30T15:58:19.335+0000] {processor.py:183} INFO - Processing /opt/airflow/dags/nyc_taxi_pipeline.py took 0.084 seconds
